"","Expression","CellName","Sample","Tissue","nUMI","nGene","Sub_Cluster","CancerType","Global_Cluster","Global_UMAP_1","Global_UMAP_2","IGSF8","KIR3DL2"
"AACACGTGTTTGGGCC-15",0.236325329353079,"AACACGTGTTTGGGCC-15","P20181123","T",3251.53814396006,4646,"cDC1_CLEC9A","LYM","cDC1",0.57299864,3.9336731,0.52850032,0
"AACCGCGAGTTCGCAT-15",0,"AACCGCGAGTTCGCAT-15","P20181123","T",2501.18291880001,1634,"Macro_ISG15","LYM","Macro",5.801088,2.6527338,0,0
"AACTGGTAGCCACTAT-15",0,"AACTGGTAGCCACTAT-15","P20181123","T",1731.91849709999,909,"Macro_ISG15","LYM","Macro",4.9897895,4.3530846,0,0
"AAGGCAGTCGTCGTTC-15",0,"AAGGCAGTCGTCGTTC-15","P20181123","T",2356.41554640001,1509,"Macro_ISG15","LYM","Macro",4.9546237,1.8940002,0,0
"AAGGTTCAGATAGGAG-15",0,"AAGGTTCAGATAGGAG-15","P20181123","T",2250.7430905,1281,"cDC2_CD1C","LYM","cDC2",2.0195615,3.539996,0,0
"AATCCAGCAGTCAGAG-15",0,"AATCCAGCAGTCAGAG-15","P20181123","T",2505.46269679999,1463,"Macro_ISG15","LYM","Macro",7.0419436,1.658992,0,0
"AATCCAGGTTCCCGAG-15",0,"AATCCAGGTTCCCGAG-15","P20181123","T",2597.46631399994,1714,"Macro_ISG15","LYM","Macro",6.3146524,2.1858685,0,0
"ACACCAATCTCAAACG-15",0,"ACACCAATCTCAAACG-15","P20181123","T",3036.18696420991,2660,"Mono_CD16","LYM","Mono",-1.2279756,0.033726472,0,0
"ACTGCTCCATGTTCCC-15",0,"ACTGCTCCATGTTCCC-15","P20181123","T",2638.47901339992,2186,"Mono_CD14","LYM","Mono",0.96779335,0.5387525,0,0
"ACTTTCAGTGTAACGG-15",0,"ACTTTCAGTGTAACGG-15","P20181123","T",2773.08195664002,1981,"Macro_ISG15","LYM","Macro",6.5758004,1.7510704,0,0
"AGAATAGGTGGTCTCG-15",0,"AGAATAGGTGGTCTCG-15","P20181123","T",2726.78633585001,2116,"Macro_ISG15","LYM","Macro",5.07698,1.6883584,0,0
"AGAGCTTCAAGCGATG-15",0,"AGAGCTTCAAGCGATG-15","P20181123","T",2496.87315360001,1643,"Macro_ISG15","LYM","Macro",4.644993,2.4216907,0,0
"AGATTGCGTGTAAGTA-15",0,"AGATTGCGTGTAAGTA-15","P20181123","T",2855.30900904999,2182,"Macro_ISG15","LYM","Macro",5.9306126,1.9862767,0,0
"AGCATACTCGTTGACA-15",0,"AGCATACTCGTTGACA-15","P20181123","T",2139.24645886999,1708,"cDC1_CLEC9A","LYM","cDC1",0.44896007,4.048876,0,0
"AGCGTCGCAACGCACC-15",0,"AGCGTCGCAACGCACC-15","P20181123","T",2379.11085730002,1338,"Macro_ISG15","LYM","Macro",4.277531,3.3175914,0,0
"AGGGATGGTTGGAGGT-15",0,"AGGGATGGTTGGAGGT-15","P20181123","T",2965.09655661993,3059,"Macro_ISG15","LYM","Macro",5.3168535,1.2470965,0,0
"AGTAGTCCAGACGCTC-15",0,"AGTAGTCCAGACGCTC-15","P20181123","T",2620.54142555996,1900,"Mono_CD14","LYM","Mono",1.8987474,2.1057239,0,0
"AGTGGGAGTCCATCCT-15",0,"AGTGGGAGTCCATCCT-15","P20181123","T",2278.57814949999,1247,"Macro_ISG15","LYM","Macro",3.9367325,2.4938042,0,0
"ATAGACCTCAGTTCGA-15",0,"ATAGACCTCAGTTCGA-15","P20181123","T",1997.8621569,1092,"Macro_ISG15","LYM","Macro",5.212001,2.2641783,0,0
"ATTTCTGGTTTGCATG-15",0,"ATTTCTGGTTTGCATG-15","P20181123","T",2322.09862800005,1505,"Macro_C1QC","LYM","Macro",4.166033,-0.04706432,0,0
"CACACAACAATGGATA-15",0,"CACACAACAATGGATA-15","P20181123","T",3231.67747844993,4594,"cDC1_CLEC9A","LYM","cDC1",0.13130955,3.990766,0,0
"CACTCCAGTAAATGAC-15",0,"CACTCCAGTAAATGAC-15","P20181123","T",3148.49201802014,2669,"Mono_CD14","LYM","Mono",2.1433382,1.3058622,0,0
"CCTACCATCTAGAGTC-15",0.182341350879686,"CCTACCATCTAGAGTC-15","P20181123","T",3247.59936697008,4170,"Mono_CD14","LYM","Mono",1.8480703,0.079324916,0.39793107,0
"CCTATTAGTTAAGGGC-15",0,"CCTATTAGTTAAGGGC-15","P20181123","T",2040.55130859998,982,"Macro_ISG15","LYM","Macro",5.3876333,4.904378,0,0
"CCTTCGACAACTGGCC-15",0,"CCTTCGACAACTGGCC-15","P20181123","T",3263.40838452016,3017,"Macro_C1QC","LYM","Macro",3.6751037,-0.524025,0,0
"CGAGAAGTCCGATATG-15",0,"CGAGAAGTCCGATATG-15","P20181123","T",2947.36417208005,3364,"cDC2_CD1C","LYM","cDC2",2.0859985,4.4331183,0,0
"CGTCAGGAGATGTGGC-15",0,"CGTCAGGAGATGTGGC-15","P20181123","T",2636.87434689998,1622,"Mono_CD16","LYM","Mono",-0.0007995307,-0.33524904,0,0
"CGTGAGCAGCTCTCGG-15",0,"CGTGAGCAGCTCTCGG-15","P20181123","T",2682.84332910005,1942,"Macro_ISG15","LYM","Macro",5.4211435,2.4773338,0,0
"CTACCCAAGATGTCGG-15",0,"CTACCCAAGATGTCGG-15","P20181123","T",2566.87525614999,2134,"Macro_ISG15","LYM","Macro",5.576578,3.1716034,0,0
"CTACCCACAGTATGCT-15",0,"CTACCCACAGTATGCT-15","P20181123","T",2487.09687849996,1486,"Macro_ISG15","LYM","Macro",6.7266583,1.7921087,0,0
"CTAGAGTTCTAAGCCA-15",0,"CTAGAGTTCTAAGCCA-15","P20181123","T",2908.23097866008,2468,"Macro_ISG15","LYM","Macro",5.2834697,1.9018695,0,0
"CTCACACCAAACAACA-15",0,"CTCACACCAAACAACA-15","P20181123","T",2470.87615009996,1489,"Macro_ISG15","LYM","Macro",5.870461,2.1284568,0,0
"CTCTAATAGCAATCTC-15",0,"CTCTAATAGCAATCTC-15","P20181123","T",2310.01610670001,1634,"Macro_C1QC","LYM","Macro",4.5612836,-0.1746171,0,0
"GAACGGAAGCGTTTAC-15",0,"GAACGGAAGCGTTTAC-15","P20181123","T",2222.9253139,1452,"Macro_ISG15","LYM","Macro",4.0988755,3.9852333,0,0
"GACTAACGTTGAACTC-15",0,"GACTAACGTTGAACTC-15","P20181123","T",2968.63557192992,2612,"Macro_ISG15","LYM","Macro",5.247898,1.9139626,0,0
"GATGAGGAGAGTCGGT-15",0,"GATGAGGAGAGTCGGT-15","P20181123","T",2754.69457990012,2762,"cDC2_CD1C","LYM","cDC2",1.7010571,4.5396347,0,0
"GCCAAATGTCGGATCC-15",0,"GCCAAATGTCGGATCC-15","P20181123","T",2515.9152263,1728,"Macro_ISG15","LYM","Macro",4.52471,3.2257888,0,0
"GCGCAACAGGTGATTA-15",0,"GCGCAACAGGTGATTA-15","P20181123","T",2999.22517528984,3323,"cDC2_CD1C","LYM","cDC2",2.5302827,4.454577,0,0
"GCGGGTTCACCATCCT-15",0,"GCGGGTTCACCATCCT-15","P20181123","T",2253.31268019998,1298,"Mono_CD14","LYM","Mono",2.7406254,1.6515318,0,0
"GTCAAGTCAATGAATG-15",0,"GTCAAGTCAATGAATG-15","P20181123","T",2986.81737919988,3286,"cDC2_CD1C","LYM","cDC2",3.3036094,3.7351375,0,0
"GTCATTTCACATGGGA-15",0.236336560164747,"GTCATTTCACATGGGA-15","P20181123","T",3105.92741543983,3334,"Mono_CD14","LYM","Mono",2.271442,1.2397872,0.52852809,0
"GTGAAGGGTATTCGTG-15",0,"GTGAAGGGTATTCGTG-15","P20181123","T",2536.84845628002,1798,"Macro_ISG15","LYM","Macro",5.6941943,2.3967352,0,0
"GTGCAGCGTCTAGAGG-15",0,"GTGCAGCGTCTAGAGG-15","P20181123","T",2845.62975479998,2756,"Macro_ISG15","LYM","Macro",5.2936583,3.510688,0,0
"GTGGGTCCACTATCTT-15",0.271398422997291,"GTGGGTCCACTATCTT-15","P20181123","T",2958.09841935007,2848,"Macro_ISG15","LYM","Macro",5.378329,1.421878,0.61645395,0
"GTTCATTCAGATGAGC-15",0.270935501904011,"GTTCATTCAGATGAGC-15","P20181123","T",2879.81762494997,2800,"cDC2_CD1C","LYM","cDC2",1.53645,4.8432136,0.61527705,0
"TACAGTGAGACAGGCT-15",0,"TACAGTGAGACAGGCT-15","P20181123","T",2772.53239919995,2173,"Macro_ISG15","LYM","Macro",6.0977216,4.1330905,0,0
"TACGGGCAGTTGAGAT-15",0,"TACGGGCAGTTGAGAT-15","P20181123","T",3120.1438701001,2779,"Mono_CD14","LYM","Mono",2.47216,0.6338447,0,0
"TAGCCGGGTTACCAGT-15",0,"TAGCCGGGTTACCAGT-15","P20181123","T",2115.68220060004,1266,"Macro_C1QC","LYM","Macro",4.622366,0.47948602,0,0
"TCATTACTCCGCTGTT-15",0,"TCATTACTCCGCTGTT-15","P20181123","T",2525.15079820003,1628,"Macro_ISG15","LYM","Macro",2.9406657,2.0883284,0,0
"TCATTTGAGTGGTCCC-15",0,"TCATTTGAGTGGTCCC-15","P20181123","T",2373.45113349998,1573,"Mono_CD16","LYM","Mono",-1.5553995,-0.8543019,0,0
"TCGTAGAAGCTGTTCA-15",0,"TCGTAGAAGCTGTTCA-15","P20181123","T",2794.37249947993,2590,"Macro_ISG15","LYM","Macro",6.646661,2.1383703,0,0
"TCTGAGAGTAAGTGTA-15",0,"TCTGAGAGTAAGTGTA-15","P20181123","T",2688.09692906005,2158,"Macro_ISG15","LYM","Macro",5.3106184,3.3930404,0,0
"TGAGCATGTTTAGGAA-15",0,"TGAGCATGTTTAGGAA-15","P20181123","T",2887.53590285996,2285,"Macro_ISG15","LYM","Macro",6.0711884,2.292585,0,0
"AAACCTGCAATAAGCA-16",0,"AAACCTGCAATAAGCA-16","P20190401","T",2972.25738442002,2597,"Macro_ISG15","LYM","Macro",6.8767223,3.6949174,0,0
"AAATGCCGTTCCACGG-16",0,"AAATGCCGTTCCACGG-16","P20190401","T",1361.30608189999,620,"Macro_C1QC","LYM","Macro",4.642579,-0.37191683,0,0
"AACCGCGTCATCATTC-16",0.328736444897934,"AACCGCGTCATCATTC-16","P20190401","T",2690.67641466004,2195,"Macro_ISG15","LYM","Macro",6.891624,4.972114,0.76554054,0
"AACTCTTAGCCCTAAT-16",0,"AACTCTTAGCCCTAAT-16","P20190401","T",3012.72788921996,3610,"Macro_ISG15","LYM","Macro",3.8957422,4.645751,0,0
"AACTGGTAGGTGTGGT-16",0,"AACTGGTAGGTGTGGT-16","P20190401","T",3035.95866637002,3471,"Macro_ISG15","LYM","Macro",4.770168,4.340349,0,0
"AAGGAGCCACCGGAAA-16",0,"AAGGAGCCACCGGAAA-16","P20190401","T",3006.44370000003,2683,"pDC_LILRA4","LYM","pDC",0.12863603,5.041629,0,0
"AAGGTTCAGCTCAACT-16",0,"AAGGTTCAGCTCAACT-16","P20190401","T",2701.45524580002,2171,"Macro_ISG15","LYM","Macro",8.234254,4.7360797,0,0
"AATCCAGGTGTAACGG-16",0,"AATCCAGGTGTAACGG-16","P20190401","T",2931.11897436002,3092,"Macro_ISG15","LYM","Macro",6.2053957,4.3493204,0,0
"ACACCGGAGCGGATCA-16",0,"ACACCGGAGCGGATCA-16","P20190401","T",2871.91934667995,2606,"Macro_ISG15","LYM","Macro",3.9999864,3.298335,0,0
"ACACTGACACCGCTAG-16",0,"ACACTGACACCGCTAG-16","P20190401","T",1901.71434200001,921,"Macro_ISG15","LYM","Macro",6.80155,3.4366312,0,0
"ACGAGGACATACCATG-16",0.392719278964716,"ACGAGGACATACCATG-16","P20190401","T",2904.66030172999,3227,"Macro_ISG15","LYM","Macro",4.545763,4.135281,0.93966699,0
"ACGATACTCGAACTGT-16",0,"ACGATACTCGAACTGT-16","P20190401","T",2333.90904010001,1359,"Macro_ISG15","LYM","Macro",6.2258487,2.7598479,0,0
"ACGATGTCACGAAAGC-16",0,"ACGATGTCACGAAAGC-16","P20190401","T",2902.19698283994,2856,"Mono_CD14","LYM","Mono",0.59159184,1.6850079,0,0
"ACGCCAGAGCTCTCGG-16",0.205776882345984,"ACGCCAGAGCTCTCGG-16","P20190401","T",3041.48318072012,4499,"Macro_C1QC","LYM","Macro",3.6974952,1.1968304,0.45389789,0
"ACGGGCTGTATGCTTG-16",0,"ACGGGCTGTATGCTTG-16","P20190401","T",2737.91849288,2617,"Macro_ISG15","LYM","Macro",5.4250517,3.5289085,0,0
"ACGGGCTGTGTAAGTA-16",0.655789479372302,"ACGGGCTGTGTAAGTA-16","P20190401","T",1558.64833979999,874,"Macro_C1QC","LYM","Macro",4.6966696,-0.7651038,1.7416388,0
"ACTGATGCAGGGTTAG-16",0,"ACTGATGCAGGGTTAG-16","P20190401","T",3222.42849006992,3797,"Macro_ISG15","LYM","Macro",6.5857086,5.3179603,0,0
"ACTGTCCCATGGAATA-16",0,"ACTGTCCCATGGAATA-16","P20190401","T",2517.02402030001,1805,"Macro_ISG15","LYM","Macro",5.0870943,5.9043865,0,0
"ACTTACTCACAGAGGT-16",0,"ACTTACTCACAGAGGT-16","P20190401","T",2331.4789925,1410,"cDC2_CD1C","LYM","cDC2",1.9419552,4.817501,0,0
"AGACGTTAGCGATATA-16",0,"AGACGTTAGCGATATA-16","P20190401","T",3101.24993047987,3452,"Macro_ISG15","LYM","Macro",5.628918,3.178029,0,0
"AGACGTTCACTAAGTC-16",0,"AGACGTTCACTAAGTC-16","P20190401","T",2824.18910796995,2771,"Macro_ISG15","LYM","Macro",4.5138187,4.751567,0,0
"AGAGTGGAGCCAGTAG-16",0,"AGAGTGGAGCCAGTAG-16","P20190401","T",2681.50643304996,2373,"Macro_ISG15","LYM","Macro",4.6949277,4.588133,0,0
"AGATTGCAGATCTGCT-16",0,"AGATTGCAGATCTGCT-16","P20190401","T",2649.65863445999,2039,"Macro_ISG15","LYM","Macro",7.053159,3.6516607,0,0
"AGATTGCCACGGATAG-16",0,"AGATTGCCACGGATAG-16","P20190401","T",2200.7763344,1283,"Macro_ISG15","LYM","Macro",6.175075,4.4886274,0,0
"AGCGTATGTAGCGTGA-16",0,"AGCGTATGTAGCGTGA-16","P20190401","T",2793.27503446004,2579,"Macro_ISG15","LYM","Macro",3.424664,3.7741394,0,0
"AGCGTATTCAGCACAT-16",0,"AGCGTATTCAGCACAT-16","P20190401","T",2778.58329460997,2399,"Macro_ISG15","LYM","Macro",6.44318,4.8731446,0,0
"AGCTTGAAGACTCGGA-16",0,"AGCTTGAAGACTCGGA-16","P20190401","T",2913.12983581994,2538,"pDC_LILRA4","LYM","pDC",0.44967592,5.1169705,0,0
"AGCTTGACACCTGGTG-16",0,"AGCTTGACACCTGGTG-16","P20190401","T",1982.78736049999,1020,"Macro_ISG15","LYM","Macro",3.9048188,5.0343013,0,0
"AGGTCATGTCTTTCAT-16",0.350638145470503,"AGGTCATGTCTTTCAT-16","P20190401","T",2550.30336659996,1928,"Macro_ISG15","LYM","Macro",6.5032115,4.8272634,0.8242234,0
"AGGTCCGAGCTTCGCG-16",0.214310874529253,"AGGTCCGAGCTTCGCG-16","P20190401","T",2962.47252586996,3178,"Macro_ISG15","LYM","Macro",4.680798,4.2554264,0.4745509,0
"AGGTCCGGTAGCTGCC-16",0,"AGGTCCGGTAGCTGCC-16","P20190401","T",2566.73311989997,1427,"Macro_ISG15","LYM","Macro",4.5052724,2.3200324,0,0
"AGTGTCAGTACAGCAG-16",0.211677890365257,"AGTGTCAGTACAGCAG-16","P20190401","T",3033.29790245987,3217,"Macro_ISG15","LYM","Macro",7.0781016,4.9782553,0.46816331,0
"AGTGTCATCTTCGAGA-16",0,"AGTGTCATCTTCGAGA-16","P20190401","T",2702.06609349006,3015,"Macro_C1QC","LYM","Macro",4.1734867,0.043869257,0,0
"AGTTGGTTCAGCACAT-16",0,"AGTTGGTTCAGCACAT-16","P20190401","T",2089.71052329997,1243,"Macro_ISG15","LYM","Macro",4.4725103,5.1437993,0,0
"ATCACGATCACAAACC-16",0,"ATCACGATCACAAACC-16","P20190401","T",2762.57975085993,2226,"pDC_LILRA4","LYM","pDC",0.3951064,4.963687,0,0
"ATCATGGAGGGATGGG-16",0,"ATCATGGAGGGATGGG-16","P20190401","T",2131.10180909998,1150,"Macro_ISG15","LYM","Macro",5.7735257,4.287556,0,0
"ATCATGGCACGTCTCT-16",0,"ATCATGGCACGTCTCT-16","P20190401","T",2679.46192955006,2218,"Macro_ISG15","LYM","Macro",4.7084913,5.6571765,0,0
"ATCCACCCATGAACCT-16",0.378727108604165,"ATCCACCCATGAACCT-16","P20190401","T",2504.16798878002,1823,"Macro_ISG15","LYM","Macro",5.814283,4.6021433,0.90088844,0
"ATCGAGTAGGTAAACT-16",0,"ATCGAGTAGGTAAACT-16","P20190401","T",3517.47809754999,4808,"Macro_ISG15","LYM","Macro",4.326531,2.3131468,0,0
"ATGAGGGCACCAGGTC-16",0,"ATGAGGGCACCAGGTC-16","P20190401","T",3089.20955479003,3722,"Macro_ISG15","LYM","Macro",4.3775268,3.1726606,0,0
"ATGAGGGCAGACAGGT-16",0,"ATGAGGGCAGACAGGT-16","P20190401","T",2999.15103650011,3270,"Macro_ISG15","LYM","Macro",5.6815195,4.3555975,0,0
"ATGCGATGTACGACCC-16",0,"ATGCGATGTACGACCC-16","P20190401","T",2868.09904872002,2886,"Macro_ISG15","LYM","Macro",5.515271,5.6273956,0,0
"ATTACTCTCATTGCCC-16",0,"ATTACTCTCATTGCCC-16","P20190401","T",2759.70760507002,2177,"Macro_ISG15","LYM","Macro",5.9515853,4.874454,0,0
"ATTATCCGTCTAGTGT-16",0.290572074701758,"ATTATCCGTCTAGTGT-16","P20190401","T",3236.29992676014,3006,"pDC_LILRA4","LYM","pDC",-0.076957256,4.898196,0.66557628,0
"CAACCAACAGTAAGCG-16",0,"CAACCAACAGTAAGCG-16","P20190401","T",2043.86586004003,1427,"Macro_C1QC","LYM","Macro",4.5984936,-0.45872435,0,0
"CAACCAAGTGTTCGAT-16",0,"CAACCAAGTGTTCGAT-16","P20190401","T",2386.50981019999,1563,"Macro_ISG15","LYM","Macro",3.83804,5.0974283,0,0
"CAAGAAAAGCTTCGCG-16",0.480959216183889,"CAAGAAAAGCTTCGCG-16","P20190401","T",2270.61752670002,1391,"Macro_ISG15","LYM","Macro",3.2777948,4.9867225,1.1932402,0
"CAAGGCCCATGATCCA-16",0,"CAAGGCCCATGATCCA-16","P20190401","T",2683.95554760005,1966,"pDC_LILRA4","LYM","pDC",0.2738019,5.0363255,0,0
"CAAGTTGGTGACCAAG-16",0,"CAAGTTGGTGACCAAG-16","P20190401","T",2798.87704714001,2530,"Macro_ISG15","LYM","Macro",5.1661205,5.465093,0,0
"CAAGTTGGTTCGTCTC-16",0.15006901966795,"CAAGTTGGTTCGTCTC-16","P20190401","T",3173.71915322998,4181,"Macro_ISG15","LYM","Macro",4.129139,2.7282045,0.32265875,0
"CACAGTAGTTGACGTT-16",0,"CACAGTAGTTGACGTT-16","P20190401","T",3801.63698418975,4443,"cDC1_CLEC9A","LYM","cDC1",0.1782757,3.5586789,0,0
"CACATTTCATAAGACA-16",0,"CACATTTCATAAGACA-16","P20190401","T",2741.77521647999,2456,"Macro_ISG15","LYM","Macro",5.3893347,4.5289507,0,0
"CACCTTGTCCCTCTTT-16",0,"CACCTTGTCCCTCTTT-16","P20190401","T",2557.02892511002,2197,"Macro_ISG15","LYM","Macro",5.8226614,4.022516,0,0
"CAGCGACCACCTATCC-16",0,"CAGCGACCACCTATCC-16","P20190401","T",2128.88460636998,1906,"cDC1_CLEC9A","LYM","cDC1",-0.019654498,3.3406641,0,0
"CAGCTGGGTTCAGTAC-16",0,"CAGCTGGGTTCAGTAC-16","P20190401","T",2890.33802838002,2887,"Macro_ISG15","LYM","Macro",6.4642816,5.5625663,0,0
"CAGGTGCTCGGCATCG-16",0,"CAGGTGCTCGGCATCG-16","P20190401","T",2094.36853950002,1111,"Macro_ISG15","LYM","Macro",4.6115665,5.8454347,0,0
"CATCAAGTCAGTTTGG-16",0,"CATCAAGTCAGTTTGG-16","P20190401","T",2681.61769239993,2494,"Macro_ISG15","LYM","Macro",6.1692123,3.3061695,0,0
"CATCCACAGACGACGT-16",0.220822431805707,"CATCCACAGACGACGT-16","P20190401","T",3139.29993910997,3275,"Macro_ISG15","LYM","Macro",6.818958,4.023586,0.49040741,0
"CATCCACAGGTGCACA-16",0,"CATCCACAGGTGCACA-16","P20190401","T",3162.08653852001,3723,"Macro_ISG15","LYM","Macro",5.972883,4.5941553,0,0
"CATCCACCAAGCGTAG-16",0,"CATCCACCAAGCGTAG-16","P20190401","T",3015.46310181998,3039,"Mono_CD14","LYM","Mono",0.9096378,1.2205632,0,0
"CATGACAAGACTAAGT-16",0,"CATGACAAGACTAAGT-16","P20190401","T",2066.32809090004,1022,"Macro_ISG15","LYM","Macro",6.371731,4.6068907,0,0
"CATGGCGAGTGTGGCA-16",0,"CATGGCGAGTGTGGCA-16","P20190401","T",2888.5147553101,2711,"Macro_ISG15","LYM","Macro",7.580529,4.9089484,0,0
"CCAATCCGTTCAGACT-16",0,"CCAATCCGTTCAGACT-16","P20190401","T",2080.62847149998,1061,"Macro_ISG15","LYM","Macro",3.5665612,4.600952,0,0
"CCAATCCTCAACACAC-16",0,"CCAATCCTCAACACAC-16","P20190401","T",2671.53062197999,2124,"Macro_ISG15","LYM","Macro",6.764486,5.08652,0,0
"CCAGCGATCAACGAAA-16",0,"CCAGCGATCAACGAAA-16","P20190401","T",3121.29001822007,3447,"Macro_ISG15","LYM","Macro",4.950024,3.6631932,0,0
"CCCTCCTAGGCATGTG-16",0,"CCCTCCTAGGCATGTG-16","P20190401","T",2547.53048912002,1845,"Macro_ISG15","LYM","Macro",7.504027,4.1144323,0,0
"CCCTCCTCACAGCCCA-16",0,"CCCTCCTCACAGCCCA-16","P20190401","T",1951.61027919998,901,"Macro_ISG15","LYM","Macro",2.4469368,2.8793967,0,0
"CCGTACTAGTAGGTGC-16",0,"CCGTACTAGTAGGTGC-16","P20190401","T",2714.47995463999,2171,"Macro_ISG15","LYM","Macro",3.8470597,5.202794,0,0
"CCGTTCAGTTAGTGGG-16",0,"CCGTTCAGTTAGTGGG-16","P20190401","T",2349.60762829998,1465,"Macro_ISG15","LYM","Macro",4.189424,5.31293,0,0
"CCTACACTCCTGTAGA-16",0,"CCTACACTCCTGTAGA-16","P20190401","T",2737.54149438993,2673,"Macro_ISG15","LYM","Macro",3.6136045,3.9848838,0,0
"CCTACCAGTGCAGTAG-16",0,"CCTACCAGTGCAGTAG-16","P20190401","T",2953.62533094,3506,"Macro_ISG15","LYM","Macro",4.872212,2.4355824,0,0
"CCTCAGTCAGCTGCTG-16",0,"CCTCAGTCAGCTGCTG-16","P20190401","T",3026.73552571001,3506,"Macro_ISG15","LYM","Macro",7.9419622,4.281584,0,0
"CCTCTGAGTGAAAGAG-16",0,"CCTCTGAGTGAAAGAG-16","P20190401","T",3185.12122760001,2947,"Macro_ISG15","LYM","Macro",7.2694683,2.4610796,0,0
"CCTTCCCTCCTGCTTG-16",0,"CCTTCCCTCCTGCTTG-16","P20190401","T",3085.02288508992,3364,"Mono_CD14","LYM","Mono",0.05430126,1.0363762,0,0
"CGAGCCATCCCAACGG-16",0,"CGAGCCATCCCAACGG-16","P20190401","T",2873.41311295993,2568,"pDC_LILRA4","LYM","pDC",0.7897202,4.6695137,0,0
"CGATGGCCAACTTGAC-16",0.246664842690288,"CGATGGCCAACTTGAC-16","P20190401","T",3025.27007635993,2987,"Macro_ISG15","LYM","Macro",6.458013,3.6038501,0.55417323,0
"CGCTTCACATCACAAC-16",0,"CGCTTCACATCACAAC-16","P20190401","T",2698.40012175,2237,"Macro_ISG15","LYM","Macro",6.5109363,5.391872,0,0
"CGGACTGGTAGTGAAT-16",0,"CGGACTGGTAGTGAAT-16","P20190401","T",2949.96496170009,2670,"Macro_ISG15","LYM","Macro",7.5793476,4.1270404,0,0
"CGGAGTCAGCTAGGCA-16",0,"CGGAGTCAGCTAGGCA-16","P20190401","T",2610.0507772,2167,"Macro_ISG15","LYM","Macro",6.2132115,5.274566,0,0
"CGGAGTCGTGCGATAG-16",0.204237758916403,"CGGAGTCGTGCGATAG-16","P20190401","T",3046.52128627,3306,"Macro_ISG15","LYM","Macro",5.266529,5.1750717,0.45018858,0
"CGGCTAGGTCTGCGGT-16",0,"CGGCTAGGTCTGCGGT-16","P20190401","T",2852.03665364995,2466,"Macro_ISG15","LYM","Macro",8.381724,4.6978674,0,0
"CGTAGGCTCGCACTCT-16",0,"CGTAGGCTCGCACTCT-16","P20190401","T",2175.31457490004,1234,"Macro_ISG15","LYM","Macro",3.965227,5.234438,0,0
"CGTGAGCCAGGGTACA-16",0,"CGTGAGCCAGGGTACA-16","P20190401","T",2723.46907588005,2333,"Macro_ISG15","LYM","Macro",7.9565177,4.9765463,0,0
"CGTGTCTGTAAGTAGT-16",0,"CGTGTCTGTAAGTAGT-16","P20190401","T",3028.90907356,3178,"pDC_LILRA4","LYM","pDC",0.93912995,4.1679425,0,0
"CGTTAGAAGCGTAATA-16",0,"CGTTAGAAGCGTAATA-16","P20190401","T",2963.24928449993,2964,"Macro_ISG15","LYM","Macro",7.481469,3.768853,0,0
"CGTTAGAGTACTCAAC-16",0,"CGTTAGAGTACTCAAC-16","P20190401","T",2820.98529790006,2550,"Macro_ISG15","LYM","Macro",7.1166635,5.0580645,0,0
"CGTTCTGTCGAATCCA-16",0,"CGTTCTGTCGAATCCA-16","P20190401","T",2929.74485042005,3166,"Macro_ISG15","LYM","Macro",7.6657066,4.4622674,0,0
"CGTTGGGGTCGAATCT-16",0.350225770010334,"CGTTGGGGTCGAATCT-16","P20190401","T",3083.40736263013,3276,"Macro_ISG15","LYM","Macro",4.6733246,3.4333873,0.82310963,0
"CTAACTTAGGCAATTA-16",0,"CTAACTTAGGCAATTA-16","P20190401","T",2550.53049553993,1920,"Macro_ISG15","LYM","Macro",5.4075737,3.66421,0,0
"CTAATGGAGTGGGCTA-16",0,"CTAATGGAGTGGGCTA-16","P20190401","T",2859.41092435995,2735,"Macro_ISG15","LYM","Macro",3.7539349,3.9879196,0,0
"CTACACCAGTGAAGTT-16",0,"CTACACCAGTGAAGTT-16","P20190401","T",2853.55627268,2553,"Macro_ISG15","LYM","Macro",7.6000676,2.3195784,0,0
"CTCCTAGAGGATTCGG-16",0,"CTCCTAGAGGATTCGG-16","P20190401","T",3017.7387685801,2650,"pDC_LILRA4","LYM","pDC",0.40169537,4.5934167,0,0
"CTCGGAGAGAAAGTGG-16",0,"CTCGGAGAGAAAGTGG-16","P20190401","T",3189.53301684997,2994,"pDC_LILRA4","LYM","pDC",-0.074136786,5.198255,0,0
"CTCGGGAGTCCGAAGA-16",0,"CTCGGGAGTCCGAAGA-16","P20190401","T",1880.76265029998,877,"Macro_ISG15","LYM","Macro",4.9562807,4.476956,0,0
"CTCGGGATCACAGGCC-16",0.12218661104114,"CTCGGGATCACAGGCC-16","P20190401","T",2782.5900904301,4135,"Macro_C1QC","LYM","Macro",3.7768235,-0.7876613,0.25930279,0
"CTCTACGTCTTAGCCC-16",0,"CTCTACGTCTTAGCCC-16","P20190401","T",2160.73722489998,1278,"Macro_ISG15","LYM","Macro",4.9488955,5.328892,0,0
"CTCTGGTGTACACCGC-16",0,"CTCTGGTGTACACCGC-16","P20190401","T",3262.45957244978,4379,"cDC2_CD1C","LYM","cDC2",2.596009,3.7525122,0,0
"CTGAAACCAAGTTGTC-16",0,"CTGAAACCAAGTTGTC-16","P20190401","T",2350.17847110003,2151,"cDC3_LAMP3","LYM","cDC2",1.724887,5.016171,0,0
"CTGAAACGTCAATACC-16",0,"CTGAAACGTCAATACC-16","P20190401","T",3009.31880913991,3020,"Macro_ISG15","LYM","Macro",7.358084,5.3750196,0,0
"CTGCGGATCGCGTAGC-16",0,"CTGCGGATCGCGTAGC-16","P20190401","T",2710.01556308004,2005,"pDC_LILRA4","LYM","pDC",0.73146135,5.3067937,0,0
"CTGGTCTAGCCACCTG-16",0,"CTGGTCTAGCCACCTG-16","P20190401","T",3203.05593996986,4325,"cDC2_CD1C","LYM","cDC2",2.7661126,4.297619,0,0
"CTGGTCTAGTCCCACG-16",0,"CTGGTCTAGTCCCACG-16","P20190401","T",2902.6452196299,3890,"Macro_ISG15","LYM","Macro",3.609287,2.123617,0,0
"CTGGTCTCAATAACGA-16",0,"CTGGTCTCAATAACGA-16","P20190401","T",2964.39000382004,2590,"pDC_LILRA4","LYM","pDC",0.5932305,4.5487814,0,0
"CTTAGGAAGAAACCGC-16",0,"CTTAGGAAGAAACCGC-16","P20190401","T",2826.69667157991,2951,"Macro_ISG15","LYM","Macro",6.6927295,5.391664,0,0
"CTTGGCTCAACTGCGC-16",0,"CTTGGCTCAACTGCGC-16","P20190401","T",2683.39108926001,2212,"Macro_ISG15","LYM","Macro",6.0800033,4.9692235,0,0
"CTTGGCTCATCTACGA-16",0,"CTTGGCTCATCTACGA-16","P20190401","T",3083.08820279987,3821,"Macro_ISG15","LYM","Macro",5.023605,4.2240157,0,0
"GACGCGTAGGTTACCT-16",0,"GACGCGTAGGTTACCT-16","P20190401","T",2651.64110414999,2225,"Macro_ISG15","LYM","Macro",4.095087,4.529447,0,0
"GATCAGTTCGTCTGAA-16",0,"GATCAGTTCGTCTGAA-16","P20190401","T",2212.01323839999,1239,"Macro_ISG15","LYM","Macro",4.844184,5.386252,0,0
"GATGAAATCCGTAGGC-16",0,"GATGAAATCCGTAGGC-16","P20190401","T",2663.34389962002,2050,"Macro_ISG15","LYM","Macro",4.009204,4.8315325,0,0
"GATGAGGTCAATACCG-16",0,"GATGAGGTCAATACCG-16","P20190401","T",2861.06273380003,2304,"pDC_LILRA4","LYM","pDC",0.29945472,5.231173,0,0
"GATTCAGGTCGAGTTT-16",0,"GATTCAGGTCGAGTTT-16","P20190401","T",2544.96446220999,1768,"Macro_ISG15","LYM","Macro",4.34095,5.601903,0,0
"GCACTCTGTCTGCCAG-16",0,"GCACTCTGTCTGCCAG-16","P20190401","T",2138.06073410003,1151,"Macro_ISG15","LYM","Macro",6.1061225,5.293051,0,0
"GCAGCCAAGTACGTAA-16",0,"GCAGCCAAGTACGTAA-16","P20190401","T",3041.09485150004,3533,"Macro_ISG15","LYM","Macro",4.7353005,3.428017,0,0
"GCCTCTACACAGAGGT-16",0,"GCCTCTACACAGAGGT-16","P20190401","T",2385.1419829,1444,"Macro_ISG15","LYM","Macro",4.4251184,3.3490982,0,0
"GCGCAACGTTTACTCT-16",0.335436898546689,"GCGCAACGTTTACTCT-16","P20190401","T",2634.48624312002,2135,"Macro_ISG15","LYM","Macro",6.0983796,2.9809675,0.78339171,0
"GCGCAGTAGCTTATCG-16",0,"GCGCAGTAGCTTATCG-16","P20190401","T",2712.96449830006,2183,"Macro_ISG15","LYM","Macro",6.2659984,5.659,0,0
"GCGCAGTCAGACAGGT-16",0,"GCGCAGTCAGACAGGT-16","P20190401","T",2910.47955962002,3060,"Macro_ISG15","LYM","Macro",5.1509795,3.1666799,0,0
"GCGCAGTGTCGTTGTA-16",0,"GCGCAGTGTCGTTGTA-16","P20190401","T",2729.46572322,2393,"Macro_ISG15","LYM","Macro",6.044301,3.6742003,0,0
"GCGCGATAGGTAGCTG-16",0,"GCGCGATAGGTAGCTG-16","P20190401","T",2789.48048637002,2807,"Macro_ISG15","LYM","Macro",4.91741,4.9982758,0,0
"GCGGGTTCAACTGCTA-16",0,"GCGGGTTCAACTGCTA-16","P20190401","T",2267.1294171,1285,"Mono_CD16","LYM","Mono",-0.17650798,-0.077988,0,0
"GCGGGTTCAACTGGCC-16",0.404464307129234,"GCGGGTTCAACTGGCC-16","P20190401","T",2527.82109706996,1796,"Macro_ISG15","LYM","Macro",3.6370218,4.955829,0.97251999,0
"GCTGGGTGTCATGCCG-16",0,"GCTGGGTGTCATGCCG-16","P20190401","T",2998.15004327993,3458,"Macro_ISG15","LYM","Macro",4.393812,2.8471713,0,0
"GCTTGAATCACCAGGC-16",0,"GCTTGAATCACCAGGC-16","P20190401","T",2308.80389170001,1342,"Macro_ISG15","LYM","Macro",3.6334023,4.790114,0,0
"GGATTACGTTCCAACA-16",0,"GGATTACGTTCCAACA-16","P20190401","T",3132.66378310991,3322,"Macro_ISG15","LYM","Macro",5.2969656,4.308887,0,0
"GGGCACTCAGCTCGCA-16",0,"GGGCACTCAGCTCGCA-16","P20190401","T",3308.06042912991,3146,"pDC_LILRA4","LYM","pDC",0.0752891,4.818137,0,0
"GGGCATCGTCCATGAT-16",0,"GGGCATCGTCCATGAT-16","P20190401","T",2474.06888675007,2026,"Macro_ISG15","LYM","Macro",5.5360336,4.992862,0,0
"GTAGTCAAGCGGATCA-16",0,"GTAGTCAAGCGGATCA-16","P20190401","T",2958.94717736995,2775,"Macro_ISG15","LYM","Macro",7.582171,4.692519,0,0
"GTGAAGGGTAGCACGA-16",0,"GTGAAGGGTAGCACGA-16","P20190401","T",3131.57002416005,3370,"Macro_ISG15","LYM","Macro",5.157658,5.103586,0,0
"GTGCAGCAGAGGGCTT-16",0,"GTGCAGCAGAGGGCTT-16","P20190401","T",3052.97492725993,3040,"Macro_ISG15","LYM","Macro",7.5795236,2.9830987,0,0
"GTTAAGCCACACATGT-16",0,"GTTAAGCCACACATGT-16","P20190401","T",2492.22506378001,1791,"Macro_C1QC","LYM","Macro",4.4157076,-0.2672697,0,0
"GTTCATTCAAAGGAAG-16",0,"GTTCATTCAAAGGAAG-16","P20190401","T",3030.30077120999,3854,"Macro_ISG15","LYM","Macro",6.948154,5.4749517,0,0
"GTTTCTATCAGGATCT-16",0,"GTTTCTATCAGGATCT-16","P20190401","T",3004.19670427991,3392,"Macro_ISG15","LYM","Macro",6.8629,4.841092,0,0
"GTTTCTATCTTGTACT-16",0,"GTTTCTATCTTGTACT-16","P20190401","T",2788.94290830001,2429,"Macro_ISG15","LYM","Macro",4.5493565,4.40525,0,0
"TAAGTGCCATGATCCA-16",0,"TAAGTGCCATGATCCA-16","P20190401","T",2580.44533179999,2230,"Macro_ISG15","LYM","Macro",5.112748,3.088507,0,0
"TACCTATTCCGTTGCT-16",0,"TACCTATTCCGTTGCT-16","P20190401","T",2513.55698470003,1580,"Macro_ISG15","LYM","Macro",7.328283,3.8894362,0,0
"TACGGGCCATATACGC-16",0,"TACGGGCCATATACGC-16","P20190401","T",2794.82426868993,3581,"Macro_C1QC","LYM","Macro",3.8524194,1.6261638,0,0
"TAGAGCTGTGCACGAA-16",0,"TAGAGCTGTGCACGAA-16","P20190401","T",2518.61325800002,1717,"Macro_ISG15","LYM","Macro",8.189906,4.639761,0,0
"TATCAGGGTGAGGGTT-16",0,"TATCAGGGTGAGGGTT-16","P20190401","T",2887.86600981998,3068,"Macro_ISG15","LYM","Macro",5.7324686,5.3679733,0,0
"TATTACCGTATTACCG-16",0,"TATTACCGTATTACCG-16","P20190401","T",2859.92368679994,1893,"pDC_LILRA4","LYM","pDC",0.03139615,4.2370915,0,0
"TATTACCTCGTACCGG-16",0,"TATTACCTCGTACCGG-16","P20190401","T",2438.14482352997,1700,"Macro_ISG15","LYM","Macro",5.469847,3.812333,0,0
"TCAATCTAGCGCCTTG-16",0,"TCAATCTAGCGCCTTG-16","P20190401","T",1997.11407389998,1163,"Macro_C1QC","LYM","Macro",4.4247108,-1.0760926,0,0
"TCACGAAAGAGGTACC-16",0,"TCACGAAAGAGGTACC-16","P20190401","T",3185.13631611997,3703,"cDC1_CLEC9A","LYM","cDC1",0.12667353,3.6271667,0,0
"TCAGCTCGTCAACATC-16",0,"TCAGCTCGTCAACATC-16","P20190401","T",2900.10432470011,2628,"Macro_ISG15","LYM","Macro",7.161693,3.9032986,0,0
"TCAGCTCGTTCGTTGA-16",0,"TCAGCTCGTTCGTTGA-16","P20190401","T",2907.64651281998,2628,"Macro_ISG15","LYM","Macro",7.634759,3.9800498,0,0
"TCATTTGCACTGCCAG-16",0,"TCATTTGCACTGCCAG-16","P20190401","T",3038.15640930008,2921,"Macro_ISG15","LYM","Macro",7.662407,3.32863,0,0
"TCCCGATGTTATCCGA-16",0,"TCCCGATGTTATCCGA-16","P20190401","T",2850.84657380002,3002,"Macro_ISG15","LYM","Macro",6.487323,3.8277633,0,0
"TCGCGAGTCCTAGGGC-16",0,"TCGCGAGTCCTAGGGC-16","P20190401","T",2904.04979767007,2785,"Mono_CD14","LYM","Mono",2.7552507,2.927195,0,0
"TCGGGACTCAGTACGT-16",0,"TCGGGACTCAGTACGT-16","P20190401","T",2661.04306880998,2023,"Macro_ISG15","LYM","Macro",5.810041,5.891443,0,0
"TCGTAGACACGTTGGC-16",0.210965655995247,"TCGTAGACACGTTGGC-16","P20190401","T",3070.64731745019,4322,"Mono_CD14","LYM","Mono",2.4664013,0.6766674,0.46643782,0
"TGATTTCAGGAGTACC-16",0,"TGATTTCAGGAGTACC-16","P20190401","T",2792.43182188008,2360,"Macro_ISG15","LYM","Macro",7.938296,4.4668727,0,0
"TGATTTCAGGAGTAGA-16",0,"TGATTTCAGGAGTAGA-16","P20190401","T",2602.77445177991,2258,"Macro_ISG15","LYM","Macro",4.2055097,2.397308,0,0
"TGCGCAGCACGAAGCA-16",0.380352958485619,"TGCGCAGCACGAAGCA-16","P20190401","T",2604.25234739004,1924,"pDC_LILRA4","LYM","pDC",1.0410912,4.4827304,0.90537429,0
"TGCGCAGTCCAGTATG-16",0,"TGCGCAGTCCAGTATG-16","P20190401","T",2938.8942143899,2808,"Macro_ISG15","LYM","Macro",4.5408273,4.186218,0,0
"TGGCCAGCACCTCGGA-16",0,"TGGCCAGCACCTCGGA-16","P20190401","T",2885.29317047,3411,"Macro_ISG15","LYM","Macro",4.6673594,4.290074,0,0
"TGGCCAGGTGATAAAC-16",0.182334770697369,"TGGCCAGGTGATAAAC-16","P20190401","T",3069.47813698006,3587,"Macro_ISG15","LYM","Macro",4.3903346,3.6910734,0.39791551,0
"TGGCTGGGTATGAATG-16",0,"TGGCTGGGTATGAATG-16","P20190401","T",2853.36713448004,2508,"Macro_ISG15","LYM","Macro",6.5970435,3.1721644,0,0
"TGGGCGTAGAAGGCCT-16",0.218413136009293,"TGGGCGTAGAAGGCCT-16","P20190401","T",3073.43603473011,3242,"Macro_ISG15","LYM","Macro",3.9015517,3.7287996,0.48453057,0
"TGTGTTTAGAGGACGG-16",0,"TGTGTTTAGAGGACGG-16","P20190401","T",2881.97557106006,3958,"Macro_ISG15","LYM","Macro",4.5140243,2.008741,0,0
"TGTTCCGTCTCAAGTG-16",0,"TGTTCCGTCTCAAGTG-16","P20190401","T",3176.87416438006,3944,"cDC2_CD1C","LYM","cDC2",2.016572,4.4114647,0,0
"TTAGGACAGACATAAC-16",0,"TTAGGACAGACATAAC-16","P20190401","T",2964.54411038012,3486,"Macro_ISG15","LYM","Macro",5.1190867,3.9026108,0,0
"TTAGGACTCCTTCAAT-16",0,"TTAGGACTCCTTCAAT-16","P20190401","T",2233.43791310004,1154,"Mono_CD16","LYM","Mono",-0.34037554,0.27397853,0,0
"TTAGGCAAGGAGTCTG-16",0,"TTAGGCAAGGAGTCTG-16","P20190401","T",3064.36758889004,3269,"Macro_ISG15","LYM","Macro",7.806052,4.9753294,0,0
"TTAGGCATCTCGTTTA-16",0,"TTAGGCATCTCGTTTA-16","P20190401","T",2589.85794796004,2184,"Macro_ISG15","LYM","Macro",6.014956,3.7863402,0,0
"TTATGCTCACCATGTA-16",0,"TTATGCTCACCATGTA-16","P20190401","T",2626.24105842006,2193,"Macro_ISG15","LYM","Macro",6.0326285,5.147644,0,0
"TTATGCTCACCGAATT-16",0.113806347620627,"TTATGCTCACCGAATT-16","P20190401","T",3026.87700424992,4644,"Mono_CD14","LYM","Mono",3.521224,1.1681896,0.24056458,0
"TTCCCAGTCCTACAGA-16",0,"TTCCCAGTCCTACAGA-16","P20190401","T",2832.99468012008,2601,"Macro_ISG15","LYM","Macro",4.760571,3.5153213,0,0
"TTCGGTCCAGACGCCT-16",0.271039869555633,"TTCGGTCCAGACGCCT-16","P20190401","T",2990.31301703983,3708,"Macro_ISG15","LYM","Macro",4.2884626,2.5164626,0.61554235,0
"TTCTTAGCAGGGAGAG-16",0,"TTCTTAGCAGGGAGAG-16","P20190401","T",2641.99320186005,2235,"Macro_ISG15","LYM","Macro",4.3349094,5.286796,0,0
"TTCTTAGGTCGACTAT-16",0,"TTCTTAGGTCGACTAT-16","P20190401","T",1753.92733169999,835,"Macro_ISG15","LYM","Macro",4.1307063,4.290838,0,0
"TTCTTAGTCGCTGATA-16",0,"TTCTTAGTCGCTGATA-16","P20190401","T",3061.76546506014,4045,"Macro_ISG15","LYM","Macro",5.1555505,2.8088944,0,0
"TTGCGTCAGCCACTAT-16",0,"TTGCGTCAGCCACTAT-16","P20190401","T",1720.35345420001,947,"Macro_C1QC","LYM","Macro",4.1968155,-0.97015995,0,0
"TTGGCAACAGTAAGAT-16",0,"TTGGCAACAGTAAGAT-16","P20190401","T",2079.83089940002,1177,"Macro_ISG15","LYM","Macro",6.9906464,3.7209651,0,0
"TTGTAGGCAAGTTGTC-16",0,"TTGTAGGCAAGTTGTC-16","P20190401","T",2551.96354329994,2306,"Macro_ISG15","LYM","Macro",5.5541553,4.052462,0,0
"TTTGTCATCACGAAGG-16",0,"TTTGTCATCACGAAGG-16","P20190401","T",2740.73152397999,2372,"Macro_ISG15","LYM","Macro",7.1342826,3.418651,0,0
"AAACCTGAGGCCATAG-17",0,"AAACCTGAGGCCATAG-17","P20190404","P",2889.77984026005,2453,"Mono_CD14","LYM","Mono",2.9037843,-0.12599184,0,0
"AAACCTGGTGGTAACG-17",0,"AAACCTGGTGGTAACG-17","P20190404","P",2121.16366919998,1087,"Mono_CD14","LYM","Mono",1.5397403,-1.288554,0,0
"AACCATGTCCTATTCA-17",0,"AACCATGTCCTATTCA-17","P20190404","P",3188.61019707003,3778,"Mono_CD16","LYM","Mono",-2.8662326,-1.0406069,0,0
"AACGTTGAGCGATGAC-17",0,"AACGTTGAGCGATGAC-17","P20190404","P",2893.81447091998,2937,"Mono_CD16","LYM","Mono",-1.758581,0.0022011804,0,0
"AACGTTGAGTCGAGTG-17",0,"AACGTTGAGTCGAGTG-17","P20190404","P",3031.69755209996,2798,"Mono_CD16","LYM","Mono",-1.0993778,-1.4348071,0,0
"AACTGGTGTTCCATGA-17",0,"AACTGGTGTTCCATGA-17","P20190404","P",3171.74270577988,3267,"Mono_CD16","LYM","Mono",-0.77419424,-0.36669177,0,0
"AAGCCGCCATCCAACA-17",0,"AAGCCGCCATCCAACA-17","P20190404","P",3041.36055764003,2738,"Mono_CD14","LYM","Mono",1.5846858,0.22533663,0,0
"AAGGCAGTCAGGTTCA-17",0,"AAGGCAGTCAGGTTCA-17","P20190404","P",3046.85579266999,2980,"Mono_CD16","LYM","Mono",-1.7917712,1.0805141,0,0
"AATCCAGTCCAAACAC-17",0,"AATCCAGTCCAAACAC-17","P20190404","P",2670.43343430001,1992,"Mono_CD16","LYM","Mono",-1.2127036,-1.8642306,0,0
"AATCCAGTCTCGTTTA-17",0,"AATCCAGTCTCGTTTA-17","P20190404","P",3221.43912826011,3366,"Mono_CD16","LYM","Mono",-1.393038,1.1070595,0,0
"ACACCCTAGCGGATCA-17",0,"ACACCCTAGCGGATCA-17","P20190404","P",3197.95716284004,3533,"Mono_CD16","LYM","Mono",-1.4635321,0.12969743,0,0
"ACACCCTAGCGTCTAT-17",0.219688078977572,"ACACCCTAGCGTCTAT-17","P20190404","P",3259.21083861997,3675,"Mono_CD16","LYM","Mono",-2.038996,1.4384255,0.48763901,0
"ACACCCTCAGACGCAA-17",0,"ACACCCTCAGACGCAA-17","P20190404","P",1898.26250620002,1089,"cDC1_CLEC9A","LYM","cDC1",1.0609225,3.0956433,0,0
"ACACCGGGTAGTACCT-17",0,"ACACCGGGTAGTACCT-17","P20190404","P",3289.1471188,3489,"Mono_CD14","LYM","Mono",0.8404425,0.54704714,0,0
"ACACTGATCAGTCAGT-17",0,"ACACTGATCAGTCAGT-17","P20190404","P",2367.34737619999,1309,"Mono_CD14","LYM","Mono",2.1314008,1.7748982,0,0
"ACATACGGTCGAGATG-17",0,"ACATACGGTCGAGATG-17","P20190404","P",2745.47468270006,1999,"Mono_CD14","LYM","Mono",1.9958291,-1.3115937,0,0
"ACCTTTATCTAACCGA-17",0,"ACCTTTATCTAACCGA-17","P20190404","P",3263.23542915989,3463,"Mono_CD16","LYM","Mono",-2.5598383,0.12362004,0,0
"ACGAGCCCACCGAAAG-17",0,"ACGAGCCCACCGAAAG-17","P20190404","P",1943.67018010001,925,"Mono_CD14","LYM","Mono",0.67728674,-0.36321962,0,0
"ACGATACCAATAGAGT-17",0,"ACGATACCAATAGAGT-17","P20190404","P",2950.20008020006,2611,"Mono_CD16","LYM","Mono",-0.5031725,-0.8852112,0,0
"ACGATACCAGCATGAG-17",0,"ACGATACCAGCATGAG-17","P20190404","P",3095.73032577995,2815,"Mono_CD16","LYM","Mono",-0.37496307,-1.5605111,0,0
"ACGATACCAGTCAGCC-17",0,"ACGATACCAGTCAGCC-17","P20190404","P",3041.25534734993,2937,"Mono_CD16","LYM","Mono",-0.5466733,-0.6355191,0,0
"ACGATGTAGAGTAATC-17",0,"ACGATGTAGAGTAATC-17","P20190404","P",2815.87825020008,2018,"Mono_CD14","LYM","Mono",3.00914,-0.07532388,0,0
"ACGCAGCAGGTAGCTG-17",0,"ACGCAGCAGGTAGCTG-17","P20190404","P",3203.08780901989,3058,"Mono_CD16","LYM","Mono",-1.3432368,-0.31852213,0,0
"ACGCCAGAGGCTAGAC-17",0,"ACGCCAGAGGCTAGAC-17","P20190404","P",3005.13431447993,2846,"Mono_CD14","LYM","Mono",1.7751921,0.21969426,0,0
"ACGGAGAAGAGACGAA-17",0.261844994442661,"ACGGAGAAGAGACGAA-17","P20190404","P",2938.05206215009,2865,"Mono_CD16","LYM","Mono",-1.7958844,-1.3211107,0.59225279,0
"ACTGAGTTCTCTTATG-17",0,"ACTGAGTTCTCTTATG-17","P20190404","P",3291.24612170992,3432,"Mono_CD16","LYM","Mono",-1.4842846,0.8717482,0,0
"ACTTACTTCTTGTCAT-17",0,"ACTTACTTCTTGTCAT-17","P20190404","P",3265.09874186011,3685,"Mono_CD14","LYM","Mono",-0.3730785,1.5438917,0,0
"ACTTGTTGTGGTAACG-17",0,"ACTTGTTGTGGTAACG-17","P20190404","P",3059.80424513995,3148,"Mono_CD14","LYM","Mono",2.198039,-0.93082947,0,0
"AGAGTGGAGCTAGTGG-17",0.281002903977973,"AGAGTGGAGCTAGTGG-17","P20190404","P",3187.94198220007,3060,"Mono_CD16","LYM","Mono",-2.1714303,-1.1899366,0.64096844,0
"AGCGTATTCGGTGTCG-17",0,"AGCGTATTCGGTGTCG-17","P20190404","P",2908.17934032002,2251,"Mono_CD14","LYM","Mono",0.9938357,1.4352227,0,0
"AGGCCGTGTACCGGCT-17",0,"AGGCCGTGTACCGGCT-17","P20190404","P",2912.47187613002,2336,"Mono_CD14","LYM","Mono",2.6973765,-0.5700675,0,0
"AGGGATGAGACTCGGA-17",0.252131478719388,"AGGGATGAGACTCGGA-17","P20190404","P",3034.68526737992,3061,"Mono_CD16","LYM","Mono",-1.3692483,-0.75918454,0.56783324,0
"AGTAGTCGTTAAGTAG-17",0,"AGTAGTCGTTAAGTAG-17","P20190404","P",3262.91061484007,3538,"Mono_CD16","LYM","Mono",-2.1492274,0.024024997,0,0
"AGTAGTCGTTGCGCAC-17",0,"AGTAGTCGTTGCGCAC-17","P20190404","P",2091.19824680003,1072,"Mono_CD14","LYM","Mono",1.7666057,1.2487016,0,0
"AGTCTTTGTCTCATCC-17",0,"AGTCTTTGTCTCATCC-17","P20190404","P",3129.66706789988,3135,"Mono_CD16","LYM","Mono",-2.5627105,-0.30129135,0,0
"ATCCGAATCTTGCAAG-17",0,"ATCCGAATCTTGCAAG-17","P20190404","P",2987.57147980998,2573,"Mono_CD14","LYM","Mono",0.76047206,1.0252342,0,0
"ATCTACTGTAAATACG-17",0,"ATCTACTGTAAATACG-17","P20190404","P",3221.7628277999,3049,"Mono_CD14","LYM","Mono",1.0766461,0.761774,0,0
"ATCTGCCGTTATTCTC-17",0,"ATCTGCCGTTATTCTC-17","P20190404","P",3342.15340777989,3820,"Mono_CD14","LYM","Mono",2.093001,0.2559098,0,0
"ATTATCCTCGGCGGTT-17",0.295565876364456,"ATTATCCTCGGCGGTT-17","P20190404","P",3204.97540493995,2968,"Mono_CD14","LYM","Mono",1.5852239,1.3580728,0.67849094,0
"ATTCTACCAATAGCGG-17",0,"ATTCTACCAATAGCGG-17","P20190404","P",2844.09039679994,2374,"Mono_CD16","LYM","Mono",-0.7168941,0.040792532,0,0
"ATTCTACGTAAGAGAG-17",0,"ATTCTACGTAAGAGAG-17","P20190404","P",2778.10998689005,2117,"Mono_CD14","LYM","Mono",-0.09082279,0.7809439,0,0
"ATTGGTGAGGCATGGT-17",0.23124873603996,"ATTGGTGAGGCATGGT-17","P20190404","P",3120.95074659998,3414,"Mono_CD16","LYM","Mono",-1.4588491,0.1983658,0.51597345,0
"ATTTCTGCATTAGGCT-17",0,"ATTTCTGCATTAGGCT-17","P20190404","P",3149.20741672993,3068,"Mono_CD16","LYM","Mono",-0.69628525,-0.2559694,0,0
"CAACCAACAGCTCCGA-17",0,"CAACCAACAGCTCCGA-17","P20190404","P",3014.27583368011,2958,"Mono_CD16","LYM","Mono",-2.3504648,1.1147763,0,0
"CAAGAAATCCGTAGTA-17",0,"CAAGAAATCCGTAGTA-17","P20190404","P",2751.60073942,2025,"Mono_CD14","LYM","Mono",1.2130433,-0.56255895,0,0
"CACACCTTCCTAAGTG-17",0,"CACACCTTCCTAAGTG-17","P20190404","P",3045.52764135996,2246,"Mono_CD14","LYM","Mono",0.6542847,1.637891,0,0
"CACACTCAGGCCCTCA-17",0,"CACACTCAGGCCCTCA-17","P20190404","P",3096.19203229996,2747,"Mono_CD14","LYM","Mono",-0.8991308,1.5354396,0,0
"CACACTCAGGGAACGG-17",0,"CACACTCAGGGAACGG-17","P20190404","P",3154.62146986994,2811,"Mono_CD16","LYM","Mono",-0.7472815,-1.0618325,0,0
"CACACTCTCTAACCGA-17",0.201786449416035,"CACACTCTCTAACCGA-17","P20190404","P",3375.60394193014,3897,"Mono_CD14","LYM","Mono",-0.5529026,1.9394184,0.44429067,0
"CACAGGCCACGGCCAT-17",0,"CACAGGCCACGGCCAT-17","P20190404","P",2909.68953156006,2908,"Mono_CD14","LYM","Mono",2.196477,0.13175201,0,0
"CACCACTAGCCACCTG-17",0,"CACCACTAGCCACCTG-17","P20190404","P",3041.60499819991,2969,"Mono_CD16","LYM","Mono",-2.2207768,-1.0158601,0,0
"CACCACTGTAAATGTG-17",0,"CACCACTGTAAATGTG-17","P20190404","P",3162.18346581005,2841,"Mono_CD14","LYM","Mono",2.0249918,0.19701691,0,0
"CACCTTGAGCGCTCCA-17",0,"CACCTTGAGCGCTCCA-17","P20190404","P",2441.28477080004,1527,"Mono_CD14","LYM","Mono",1.9463642,0.2569988,0,0
"CACCTTGGTCTAGTGT-17",0,"CACCTTGGTCTAGTGT-17","P20190404","P",3443.11558790992,3837,"Mono_CD16","LYM","Mono",-1.8612481,0.5806061,0,0
"CAGAGAGAGAACAATC-17",0.172938651422145,"CAGAGAGAGAACAATC-17","P20190404","P",3230.63604511984,4235,"Mono_CD16","LYM","Mono",-3.0830247,-1.333672,0.37578508,0
"CAGATCATCTCCAGGG-17",0,"CAGATCATCTCCAGGG-17","P20190404","P",2988.60097358005,2741,"Mono_CD16","LYM","Mono",-1.4432187,-1.4529518,0,0
"CAGATCATCTCTGTCG-17",0,"CAGATCATCTCTGTCG-17","P20190404","P",3258.43834297992,3440,"Mono_CD16","LYM","Mono",-2.1458952,0.40909722,0,0
"CAGCAGCAGGGCATGT-17",0,"CAGCAGCAGGGCATGT-17","P20190404","P",3093.84819277993,3287,"Mono_CD16","LYM","Mono",-1.6655885,-0.48015216,0,0
"CAGCATAAGACTGGGT-17",0,"CAGCATAAGACTGGGT-17","P20190404","P",3247.59648976016,3275,"Mono_CD16","LYM","Mono",-1.6042705,-1.1879162,0,0
"CAGCCGACATTTCAGG-17",0,"CAGCCGACATTTCAGG-17","P20190404","P",2977.23836550006,2555,"Mono_CD14","LYM","Mono",1.0395032,0.1139413,0,0
"CAGCTGGAGCGATTCT-17",0,"CAGCTGGAGCGATTCT-17","P20190404","P",2807.77671571005,2174,"Mono_CD14","LYM","Mono",2.4655042,-0.07446162,0,0
"CAGGTGCAGCTTCGCG-17",0,"CAGGTGCAGCTTCGCG-17","P20190404","P",3102.86753465002,2724,"Mono_CD14","LYM","Mono",-0.2612095,0.6282308,0,0
"CATATTCAGCACCGCT-17",0,"CATATTCAGCACCGCT-17","P20190404","P",2796.13112566004,2241,"Mono_CD14","LYM","Mono",2.9851959,-0.2918692,0,0
"CATATTCGTGGCTCCA-17",0.229166994350239,"CATATTCGTGGCTCCA-17","P20190404","P",3142.59468960007,3434,"Mono_CD16","LYM","Mono",-0.9573316,1.383808,0.5108515,0
"CATCAGACATGATCCA-17",0,"CATCAGACATGATCCA-17","P20190404","P",3106.84258765995,2738,"Mono_CD14","LYM","Mono",2.055639,0.7075335,0,0
"CATGACACAGCCTATA-17",0,"CATGACACAGCCTATA-17","P20190404","P",2189.40190289999,1221,"Mono_CD14","LYM","Mono",1.1926125,1.3000664,0,0
"CATGACATCAAGGCTT-17",0,"CATGACATCAAGGCTT-17","P20190404","P",3072.73347859997,2298,"Mono_CD14","LYM","Mono",1.3818566,0.088892795,0,0
"CATGCCTAGCTTATCG-17",0,"CATGCCTAGCTTATCG-17","P20190404","P",3284.72085652003,3015,"Mono_CD16","LYM","Mono",-1.3199642,-1.2478948,0,0
"CATGCCTCAGCAGTTT-17",0,"CATGCCTCAGCAGTTT-17","P20190404","P",2356.11377400004,1300,"Mono_CD14","LYM","Mono",1.811236,1.522793,0,0
"CATGGCGCAGATGAGC-17",0,"CATGGCGCAGATGAGC-17","P20190404","P",3235.50758269006,3484,"Mono_CD16","LYM","Mono",-0.89528805,0.27947134,0,0
"CATGGCGCATGGTCTA-17",0,"CATGGCGCATGGTCTA-17","P20190404","P",3099.75408367995,3144,"Mono_CD16","LYM","Mono",-1.8616831,0.268411,0,0
"CATTATCTCGTGTAGT-17",0,"CATTATCTCGTGTAGT-17","P20190404","P",2993.66238076008,2389,"Mono_CD14","LYM","Mono",1.8265427,1.1551483,0,0
"CCACCTACAGCCTTGG-17",0.293380949295296,"CCACCTACAGCCTTGG-17","P20190404","P",3167.6026353801,2893,"Mono_CD16","LYM","Mono",-1.2409807,-0.6011613,0.67283428,0
"CCACTACAGTGTTGAA-17",0,"CCACTACAGTGTTGAA-17","P20190404","P",2559.74099859999,1817,"Mono_CD14","LYM","Mono",0.8438975,-0.64992315,0,0
"CCAGCGAAGAGTCTGG-17",0,"CCAGCGAAGAGTCTGG-17","P20190404","P",3242.46288149002,3321,"Mono_CD16","LYM","Mono",-2.5061274,-1.195579,0,0
"CCAGCGAGTAAAGTCA-17",0,"CCAGCGAGTAAAGTCA-17","P20190404","P",3015.4872109999,2749,"Mono_CD14","LYM","Mono",0.9943037,0.69083685,0,0
"CCCATACCAAGTTAAG-17",0,"CCCATACCAAGTTAAG-17","P20190404","P",2054.67684609998,1082,"Mono_CD16","LYM","Mono",-0.2231019,-1.9073253,0,0
"CCCTCCTTCCAAGTAC-17",0,"CCCTCCTTCCAAGTAC-17","P20190404","P",2806.82416709997,1871,"Mono_CD14","LYM","Mono",1.7817278,-1.1335859,0,0
"CCGGGATAGCCAGTTT-17",0,"CCGGGATAGCCAGTTT-17","P20190404","P",2855.88051993995,2284,"Mono_CD14","LYM","Mono",1.9312879,0.056872144,0,0
"CCGGTAGGTCAGATAA-17",0,"CCGGTAGGTCAGATAA-17","P20190404","P",2988.62927690003,2647,"Mono_CD14","LYM","Mono",1.4447099,0.33628964,0,0
"CCTAGCTGTGCACGAA-17",0,"CCTAGCTGTGCACGAA-17","P20190404","P",3067.59581799994,2682,"Mono_CD14","LYM","Mono",1.5727087,0.78048646,0,0
"CCTCAGTTCTTCGGTC-17",0,"CCTCAGTTCTTCGGTC-17","P20190404","P",3173.31533233997,3441,"Mono_CD16","LYM","Mono",-1.6402225,-1.1642071,0,0
"CCTCTGATCTCTTGAT-17",0,"CCTCTGATCTCTTGAT-17","P20190404","P",3363.68768917999,3298,"Mono_CD16","LYM","Mono",-2.2341154,-1.175583,0,0
"CCTTCGATCCGTTGTC-17",0,"CCTTCGATCCGTTGTC-17","P20190404","P",2517.82544630004,1343,"Mono_CD14","LYM","Mono",2.4419134,1.1839734,0,0
"CCTTTCTCACCAGATT-17",0,"CCTTTCTCACCAGATT-17","P20190404","P",3298.43481426006,3281,"Mono_CD14","LYM","Mono",1.9130048,-0.40272084,0,0
"CGACCTTAGCTAAACA-17",0,"CGACCTTAGCTAAACA-17","P20190404","P",3319.15554398009,2637,"Mono_CD16","LYM","Mono",-1.5582485,1.8207583,0,0
"CGATCGGCATCCTTGC-17",0,"CGATCGGCATCCTTGC-17","P20190404","P",2966.21915860994,3115,"Mono_CD14","LYM","Mono",0.2740806,0.89356,0,0
"CGATGTAGTTTCCACC-17",0,"CGATGTAGTTTCCACC-17","P20190404","P",3175.12036827004,3110,"Mono_CD16","LYM","Mono",-1.323484,-1.6405882,0,0
"CGATTGAAGGGTATCG-17",0,"CGATTGAAGGGTATCG-17","P20190404","P",3024.07946886997,3296,"Mono_CD14","LYM","Mono",2.0803347,-0.28196195,0,0
"CGATTGACACATGACT-17",0,"CGATTGACACATGACT-17","P20190404","P",3218.21328928,3514,"Mono_CD16","LYM","Mono",-0.53744775,0.646978,0,0
"CGATTGAGTGAGCGAT-17",0,"CGATTGAGTGAGCGAT-17","P20190404","P",3026.90722292002,2871,"Mono_CD16","LYM","Mono",-2.4432223,0.04631081,0,0
"CGCCAAGCAGCCACCA-17",0,"CGCCAAGCAGCCACCA-17","P20190404","P",3040.5148528099,2935,"Mono_CD14","LYM","Mono",-1.1101879,1.2969352,0,0
"CGCTGGAAGGGAGTAA-17",0,"CGCTGGAAGGGAGTAA-17","P20190404","P",3219.73806439992,3098,"Mono_CD16","LYM","Mono",-1.1363214,1.1949414,0,0
"CGCTGGATCAAAGTAG-17",0,"CGCTGGATCAAAGTAG-17","P20190404","P",2676.34054350004,1722,"Mono_CD14","LYM","Mono",1.9301107,1.2870088,0,0
"CGCTTCACAACTTGAC-17",0,"CGCTTCACAACTTGAC-17","P20190404","P",2858.72523303999,2727,"Mono_CD14","LYM","Mono",2.824288,-0.3040638,0,0
"CGGACACCACAGGCCT-17",0,"CGGACACCACAGGCCT-17","P20190404","P",2663.69545485001,1973,"Mono_CD14","LYM","Mono",1.1149471,0.6620191,0,0
"CGGAGCTTCTGACCTC-17",0,"CGGAGCTTCTGACCTC-17","P20190404","P",2031.00250970001,1026,"Mono_CD14","LYM","Mono",2.2058473,-0.20631967,0,0
"CGGTTAAGTTCCCTTG-17",0,"CGGTTAAGTTCCCTTG-17","P20190404","P",2922.03447146,3011,"Mono_CD16","LYM","Mono",-2.0237854,-0.05667321,0,0
"CGGTTAATCACCTCGT-17",0,"CGGTTAATCACCTCGT-17","P20190404","P",3144.73658931012,3634,"Mono_CD16","LYM","Mono",-2.471832,-1.3040746,0,0
"CGTAGGCCACGGTAGA-17",0,"CGTAGGCCACGGTAGA-17","P20190404","P",3011.6226892799,2617,"Mono_CD16","LYM","Mono",-1.179314,-1.1949705,0,0
"CGTCACTTCGATAGAA-17",0,"CGTCACTTCGATAGAA-17","P20190404","P",3064.41131654993,3333,"Mono_CD16","LYM","Mono",-2.451116,-0.5791906,0,0
"CGTCCATCATCACCCT-17",0,"CGTCCATCATCACCCT-17","P20190404","P",2750.97985100006,1903,"Mono_CD14","LYM","Mono",0.94669247,1.5842129,0,0
"CGTCTACCATCACGTA-17",0,"CGTCTACCATCACGTA-17","P20190404","P",2432.39147040001,1566,"Mono_CD14","LYM","Mono",1.9504238,-0.54139626,0,0
"CGTGAGCTCCGTAGGC-17",0,"CGTGAGCTCCGTAGGC-17","P20190404","P",3114.55716382011,2971,"Mono_CD16","LYM","Mono",-1.841868,-0.9093435,0,0
"CGTTAGAAGCGCTCCA-17",0,"CGTTAGAAGCGCTCCA-17","P20190404","P",2056.40914970002,1045,"Mono_CD14","LYM","Mono",1.5096077,2.0310311,0,0
"CTAACTTGTACCGTAT-17",0,"CTAACTTGTACCGTAT-17","P20190404","P",3153.42077269002,3071,"Mono_CD16","LYM","Mono",-1.5274464,0.43297088,0,0
"CTAATGGGTGACGGTA-17",0,"CTAATGGGTGACGGTA-17","P20190404","P",2864.54801231992,2134,"Mono_CD14","LYM","Mono",1.993941,1.3044839,0,0
"CTACGTCGTCTAGTGT-17",0,"CTACGTCGTCTAGTGT-17","P20190404","P",3244.92598679997,3162,"Mono_CD16","LYM","Mono",-0.673721,0.2563497,0,0
"CTAGTGACAGGCGATA-17",0,"CTAGTGACAGGCGATA-17","P20190404","P",2562.49556849999,1716,"Mono_CD16","LYM","Mono",-0.26723573,-0.65880466,0,0
"CTCGGAGCACAGCGTC-17",0,"CTCGGAGCACAGCGTC-17","P20190404","P",2965.52120079999,2612,"Mono_CD16","LYM","Mono",-1.062484,-0.10512985,0,0
"CTCGTACAGCCGATTT-17",0,"CTCGTACAGCCGATTT-17","P20190404","P",3066.17965109992,3342,"Mono_CD16","LYM","Mono",-1.4662306,-0.39141122,0,0
"CTCTACGAGTTTGCGT-17",0,"CTCTACGAGTTTGCGT-17","P20190404","P",2925.79584898993,2474,"Mono_CD16","LYM","Mono",-0.6620822,-1.1339206,0,0
"CTCTACGTCTTAGAGC-17",0,"CTCTACGTCTTAGAGC-17","P20190404","P",3124.03418354001,2760,"Mono_CD14","LYM","Mono",1.0609819,0.3564879,0,0
"CTGATAGTCTGTCAAG-17",0,"CTGATAGTCTGTCAAG-17","P20190404","P",3094.95119301995,3174,"Mono_CD16","LYM","Mono",-1.5477586,-1.796101,0,0
"CTGATCCCATGGGAAC-17",0,"CTGATCCCATGGGAAC-17","P20190404","P",2673.60236439995,1865,"Mono_CD14","LYM","Mono",1.7423308,1.3688676,0,0
"CTGCTGTAGGTAAACT-17",0,"CTGCTGTAGGTAAACT-17","P20190404","P",2198.18149529998,1068,"Mono_CD14","LYM","Mono",0.29954633,0.6527094,0,0
"CTGCTGTCAGCTGCTG-17",0.269306058442959,"CTGCTGTCAGCTGCTG-17","P20190404","P",3074.24534373009,3062,"Mono_CD14","LYM","Mono",2.6984065,-0.6338889,0.61113787,0
"CTGGTCTCAGAAGCAC-17",0,"CTGGTCTCAGAAGCAC-17","P20190404","P",3211.29813344999,3222,"Mono_CD16","LYM","Mono",-1.8711462,-1.5451337,0,0
"CTTAGGACACACATGT-17",0,"CTTAGGACACACATGT-17","P20190404","P",2793.82099369999,2265,"Mono_CD14","LYM","Mono",2.3104699,-0.5975716,0,0
"CTTGGCTGTCCTAGCG-17",0,"CTTGGCTGTCCTAGCG-17","P20190404","P",3183.69530377991,2979,"Mono_CD14","LYM","Mono",2.0763526,1.433286,0,0
"GAAACTCGTTGGTGGA-17",0,"GAAACTCGTTGGTGGA-17","P20190404","P",2732.23525632006,2009,"Mono_CD14","LYM","Mono",2.2712898,-0.08212823,0,0
"GAAATGAAGTACCGGA-17",0,"GAAATGAAGTACCGGA-17","P20190404","P",2702.46639481003,2052,"Mono_CD16","LYM","Mono",-0.5757359,-1.7658485,0,0
"GAACATCAGGGTTTCT-17",0,"GAACATCAGGGTTTCT-17","P20190404","P",3409.26931033989,3600,"Mono_CD16","LYM","Mono",-2.2038155,0.5460903,0,0
"GAAGCAGGTTATCGGT-17",0,"GAAGCAGGTTATCGGT-17","P20190404","P",2956.92961875003,3036,"Mono_CD14","LYM","Mono",-0.2450013,1.8374563,0,0
"GAATAAGAGAGGTTGC-17",0,"GAATAAGAGAGGTTGC-17","P20190404","P",2672.46493880002,1742,"Mono_CD14","LYM","Mono",1.6705518,1.5011914,0,0
"GACAGAGGTACTCTCC-17",0,"GACAGAGGTACTCTCC-17","P20190404","P",3045.01274529991,2939,"Mono_CD16","LYM","Mono",-1.9201851,-1.6520516,0,0
"GACGGCTGTAGCGCAA-17",0,"GACGGCTGTAGCGCAA-17","P20190404","P",2975.20512120999,2790,"Mono_CD16","LYM","Mono",-0.89086044,-0.9566127,0,0
"GACTGCGGTAGAGTGC-17",0,"GACTGCGGTAGAGTGC-17","P20190404","P",3061.7018605,3518,"Mono_CD14","LYM","Mono",2.267554,-0.18353505,0,0
"GAGCAGAAGAGTGAGA-17",0,"GAGCAGAAGAGTGAGA-17","P20190404","P",2553.90593559996,1640,"Mono_CD14","LYM","Mono",1.5948831,-0.04258578,0,0
"GAGTCCGGTGTTAAGA-17",0.33301702539765,"GAGTCCGGTGTTAAGA-17","P20190404","P",3103.21087034997,2659,"Mono_CD14","LYM","Mono",0.5051437,1.8357662,0.77693439,0
"GATCGATGTTAGTGGG-17",0,"GATCGATGTTAGTGGG-17","P20190404","P",3037.70212764007,2864,"Mono_CD16","LYM","Mono",-2.370666,-1.0535821,0,0
"GATCGCGAGGCCCGTT-17",0,"GATCGCGAGGCCCGTT-17","P20190404","P",2979.1496508,2851,"Mono_CD14","LYM","Mono",1.7131819,0.3360205,0,0
"GATGAAAGTTCCACAA-17",0,"GATGAAAGTTCCACAA-17","P20190404","P",2630.99182440003,1751,"Mono_CD14","LYM","Mono",0.3143496,0.27994663,0,0
"GATGAGGGTTATGTGC-17",0,"GATGAGGGTTATGTGC-17","P20190404","P",3140.66820799992,2961,"Mono_CD16","LYM","Mono",-1.0857831,0.14406951,0,0
"GCAAACTTCGTACGGC-17",0,"GCAAACTTCGTACGGC-17","P20190404","P",1491.73865699999,700,"cDC1_CLEC9A","LYM","cDC1",0.86874205,3.17933,0,0
"GCATGATAGGTGCTTT-17",0,"GCATGATAGGTGCTTT-17","P20190404","P",3218.60075499994,3375,"Mono_CD16","LYM","Mono",-1.7653682,1.0225202,0,0
"GCATGATCACCAGATT-17",0,"GCATGATCACCAGATT-17","P20190404","P",3216.2896251,3114,"Mono_CD14","LYM","Mono",1.3047093,0.18004628,0,0
"GCATGTATCATCGATG-17",0.275563530366089,"GCATGTATCATCGATG-17","P20190404","P",3135.07276083994,3058,"Mono_CD16","LYM","Mono",-1.9298673,1.4930847,0.62706232,0
"GCCTCTAAGAACAATC-17",0,"GCCTCTAAGAACAATC-17","P20190404","P",2395.50357370002,1459,"Mono_CD14","LYM","Mono",2.2846315,-0.9273274,0,0
"GCGACCACATCGGTTA-17",0,"GCGACCACATCGGTTA-17","P20190404","P",2705.89821534002,1936,"Mono_CD16","LYM","Mono",-1.0905002,1.4703362,0,0
"GCGCAACGTGACTACT-17",0,"GCGCAACGTGACTACT-17","P20190404","P",3005.83095330005,2787,"Mono_CD14","LYM","Mono",1.9657124,0.5795825,0,0
"GCGCAACGTTAAGTAG-17",0,"GCGCAACGTTAAGTAG-17","P20190404","P",3122.68620103994,3635,"Mono_CD16","LYM","Mono",-2.7147393,-1.4015769,0,0
"GCGCCAAGTGACGCCT-17",0,"GCGCCAAGTGACGCCT-17","P20190404","P",2908.29802803001,2514,"Mono_CD14","LYM","Mono",0.7248166,1.3385822,0,0
"GCTCTGTCAGGAACGT-17",0,"GCTCTGTCAGGAACGT-17","P20190404","P",3185.37788928982,3355,"Mono_CD16","LYM","Mono",-2.392098,0.9816887,0,0
"GCTGCAGAGGCTCTTA-17",0,"GCTGCAGAGGCTCTTA-17","P20190404","P",3088.10007906014,3099,"Mono_CD16","LYM","Mono",-2.1621869,-0.33158144,0,0
"GCTGGGTCAGTGGAGT-17",0,"GCTGGGTCAGTGGAGT-17","P20190404","P",3307.8372652702,3354,"Mono_CD16","LYM","Mono",-0.74960893,0.78125465,0,0
"GCTGGGTTCTCTGTCG-17",0,"GCTGGGTTCTCTGTCG-17","P20190404","P",3339.78691882993,3940,"Mono_CD14","LYM","Mono",-0.2484209,2.204856,0,0
"GGAACTTGTCTTCGTC-17",0,"GGAACTTGTCTTCGTC-17","P20190404","P",2982.12979431993,2418,"Mono_CD14","LYM","Mono",1.7557453,1.0507731,0,0
"GGACAAGAGGTACTCT-17",0,"GGACAAGAGGTACTCT-17","P20190404","P",3316.80472625014,3531,"Mono_CD16","LYM","Mono",-0.7705981,1.4420533,0,0
"GGACGTCAGATACACA-17",0,"GGACGTCAGATACACA-17","P20190404","P",2937.51668325997,2615,"Mono_CD16","LYM","Mono",-0.28309384,0.6564977,0,0
"GGACGTCTCACTATTC-17",0,"GGACGTCTCACTATTC-17","P20190404","P",3102.03832772011,3474,"Mono_CD16","LYM","Mono",-1.9857488,-0.47626874,0,0
"GGACGTCTCATCGATG-17",0,"GGACGTCTCATCGATG-17","P20190404","P",2978.17593410006,2748,"Mono_CD14","LYM","Mono",2.5457861,-0.081320114,0,0
"GGACGTCTCTCTTGAT-17",0,"GGACGTCTCTCTTGAT-17","P20190404","P",2632.40581829998,1424,"Mono_CD14","LYM","Mono",1.1980673,-0.9280576,0,0
"GGATGTTGTCTAAAGA-17",0,"GGATGTTGTCTAAAGA-17","P20190404","P",2989.30913652012,2896,"Mono_CD16","LYM","Mono",-2.2041965,1.2190734,0,0
"GGATTACCAACTGCTA-17",0,"GGATTACCAACTGCTA-17","P20190404","P",2368.94383680001,1520,"Mono_CD14","LYM","Mono",1.2914722,1.1235371,0,0
"GGCCGATAGAAGGCCT-17",0,"GGCCGATAGAAGGCCT-17","P20190404","P",3011.49136906009,3259,"Mono_CD16","LYM","Mono",-2.3925085,-1.1629481,0,0
"GGCCGATAGGCATGGT-17",0,"GGCCGATAGGCATGGT-17","P20190404","P",2919.84786422001,2523,"Mono_CD16","LYM","Mono",-2.7767262,0.16038772,0,0
"GGCTGGTTCGTCCGTT-17",0,"GGCTGGTTCGTCCGTT-17","P20190404","P",3363.27968927991,3370,"Mono_CD14","LYM","Mono",1.4429666,0.65146965,0,0
"GGGACCTTCAAGCCTA-17",0,"GGGACCTTCAAGCCTA-17","P20190404","P",3120.46482052007,3175,"Mono_CD16","LYM","Mono",-2.7459037,0.02191256,0,0
"GGGAGATTCGCATGAT-17",0,"GGGAGATTCGCATGAT-17","P20190404","P",2959.92768071006,3159,"Mono_CD16","LYM","Mono",-2.3550086,-1.8321624,0,0
"GGGCACTTCTTCGGTC-17",0,"GGGCACTTCTTCGGTC-17","P20190404","P",3289.21499624988,3325,"Mono_CD14","LYM","Mono",-0.5843456,1.9371569,0,0
"GGGCATCGTAAACCTC-17",0,"GGGCATCGTAAACCTC-17","P20190404","P",3085.77858192002,3343,"Mono_CD16","LYM","Mono",-2.3508627,-0.01744754,0,0
"GGTGAAGGTGATAAAC-17",0,"GGTGAAGGTGATAAAC-17","P20190404","P",3111.25157081995,3309,"Mono_CD16","LYM","Mono",-1.1999501,0.9261911,0,0
"GGTGTTAGTCCAGTAT-17",0.264794018803062,"GGTGTTAGTCCAGTAT-17","P20190404","P",3235.3776402199,3226,"Mono_CD14","LYM","Mono",0.122149736,0.8834786,0.59970391,0
"GTAACTGTCAAACGGG-17",0,"GTAACTGTCAAACGGG-17","P20190404","P",3060.67441197997,3177,"Mono_CD16","LYM","Mono",-2.4657686,-0.91591823,0,0
"GTACTCCAGTATCTCG-17",0,"GTACTCCAGTATCTCG-17","P20190404","P",3333.69943106,4147,"Mono_CD14","LYM","Mono",-0.284268,2.2408845,0,0
"GTATCTTAGTACATGA-17",0,"GTATCTTAGTACATGA-17","P20190404","P",3173.5791371801,3235,"Mono_CD16","LYM","Mono",-1.545965,-1.2124256,0,0
"GTCACGGTCTAACTGG-17",0.229990792648465,"GTCACGGTCTAACTGG-17","P20190404","P",3179.61474938008,3457,"Mono_CD16","LYM","Mono",-2.1330614,-1.4795772,0.51287735,0
"GTCCTCAAGCACCGTC-17",0,"GTCCTCAAGCACCGTC-17","P20190404","P",2383.47387139998,1456,"Mono_CD16","LYM","Mono",-0.34926823,-0.75243604,0,0
"GTCCTCATCTTCCTTC-17",0,"GTCCTCATCTTCCTTC-17","P20190404","P",2458.90297709997,1621,"Mono_CD14","LYM","Mono",1.4044333,-0.7273496,0,0
"GTCGGGTAGGGATCTG-17",0,"GTCGGGTAGGGATCTG-17","P20190404","P",2361.98267630002,1453,"Mono_CD14","LYM","Mono",2.1024659,-0.026357887,0,0
"GTCGTAATCTGCTGTC-17",0,"GTCGTAATCTGCTGTC-17","P20190404","P",2913.47111003007,2258,"Mono_CD14","LYM","Mono",0.7660237,2.1569383,0,0
"GTGAAGGTCCAATGGT-17",0,"GTGAAGGTCCAATGGT-17","P20190404","P",2723.81307336002,2394,"Mono_CD14","LYM","Mono",2.2863262,-0.6045295,0,0
"GTGCGGTAGGTGCACA-17",0,"GTGCGGTAGGTGCACA-17","P20190404","P",3231.36510429008,3254,"Mono_CD16","LYM","Mono",-0.96806806,0.8750537,0,0
"GTTACAGCATCGACGC-17",0,"GTTACAGCATCGACGC-17","P20190404","P",2055.06043310002,968,"Mono_CD14","LYM","Mono",0.69884336,0.90216696,0,0
"GTTCATTGTAACGCGA-17",0,"GTTCATTGTAACGCGA-17","P20190404","P",3171.30673752003,3530,"Mono_CD16","LYM","Mono",-1.3487678,-0.4185759,0,0
"GTTCTCGCATTACGAC-17",0,"GTTCTCGCATTACGAC-17","P20190404","P",2265.91769729999,1272,"Mono_CD14","LYM","Mono",0.68908095,-0.39993006,0,0
"GTTTCTACAGTAAGAT-17",0,"GTTTCTACAGTAAGAT-17","P20190404","P",3057.22993387999,2504,"Mono_CD14","LYM","Mono",0.9416011,2.120075,0,0
"GTTTCTATCCGCTGTT-17",0,"GTTTCTATCCGCTGTT-17","P20190404","P",3232.13669659998,3573,"Mono_CD16","LYM","Mono",-0.98562634,1.4201342,0,0
"TAAACCGGTAAAGTCA-17",0,"TAAACCGGTAAAGTCA-17","P20190404","P",3065.3052391601,3326,"Mono_CD16","LYM","Mono",-2.0884528,0.11835048,0,0
"TACCTATGTTGGTGGA-17",0,"TACCTATGTTGGTGGA-17","P20190404","P",3264.40706137995,3055,"Mono_CD14","LYM","Mono",1.1257963,2.2104828,0,0
"TACCTATTCAAGCCTA-17",0,"TACCTATTCAAGCCTA-17","P20190404","P",2988.40529807993,2846,"Mono_CD16","LYM","Mono",-0.53303474,-1.3880703,0,0
"TACCTTACAGCAGTTT-17",0,"TACCTTACAGCAGTTT-17","P20190404","P",3174.56251960004,3102,"Mono_CD14","LYM","Mono",1.0157391,0.90296316,0,0
"TACCTTATCGGACAAG-17",0,"TACCTTATCGGACAAG-17","P20190404","P",2623.56070007998,2075,"Mono_CD14","LYM","Mono",1.117176,1.1645164,0,0
"TACGGATAGGAGTAGA-17",0,"TACGGATAGGAGTAGA-17","P20190404","P",3098.9036301,3205,"Mono_CD16","LYM","Mono",-1.9374293,-1.8430424,0,0
"TACTCGCCAGACGCTC-17",0,"TACTCGCCAGACGCTC-17","P20190404","P",3100.91352363,3469,"Mono_CD16","LYM","Mono",-1.5145556,0.70103186,0,0
"TACTTACAGGGCTCTC-17",0,"TACTTACAGGGCTCTC-17","P20190404","P",3187.77807899998,3310,"Mono_CD16","LYM","Mono",-1.8619902,-1.7399071,0,0
"TACTTGTCACAGTCGC-17",0.277086026859585,"TACTTGTCACAGTCGC-17","P20190404","P",3051.40160098006,2850,"Mono_CD16","LYM","Mono",-2.3361237,-0.7833048,0.63094872,0
"TAGTTGGTCTTCGAGA-17",0,"TAGTTGGTCTTCGAGA-17","P20190404","P",3142.30574302011,3060,"Mono_CD14","LYM","Mono",1.6489332,0.60954237,0,0
"TATCAGGCACGGTGTC-17",0,"TATCAGGCACGGTGTC-17","P20190404","P",2919.4654575399,2771,"Mono_CD16","LYM","Mono",-2.3700292,-1.9268866,0,0
"TATCTCATCTAACGGT-17",0,"TATCTCATCTAACGGT-17","P20190404","P",2979.18277704007,2815,"Mono_CD14","LYM","Mono",3.0925674,-0.028814845,0,0
"TATTACCCATATACCG-17",0,"TATTACCCATATACCG-17","P20190404","P",2808.93436558006,2296,"Mono_CD16","LYM","Mono",-0.7382046,-1.5899609,0,0
"TATTACCGTCTGCGGT-17",0,"TATTACCGTCTGCGGT-17","P20190404","P",3188.65333583001,3683,"Mono_CD14","LYM","Mono",-0.39074624,1.9355496,0,0
"TCAACGAAGCGCTTAT-17",0,"TCAACGAAGCGCTTAT-17","P20190404","P",3031.73645679989,2635,"Mono_CD14","LYM","Mono",1.3176326,0.93326503,0,0
"TCAACGACAGACAGGT-17",0,"TCAACGACAGACAGGT-17","P20190404","P",3195.60730191993,2920,"Mono_CD16","LYM","Mono",-1.931255,1.4019722,0,0
"TCAGCAAAGGCCGAAT-17",0,"TCAGCAAAGGCCGAAT-17","P20190404","P",3096.50779067995,2719,"Mono_CD16","LYM","Mono",-1.2605176,-1.6719749,0,0
"TCAGGATTCTCGCTTG-17",0,"TCAGGATTCTCGCTTG-17","P20190404","P",2917.01931140004,2556,"Mono_CD14","LYM","Mono",2.1984417,0.58851016,0,0
"TCAGGTACAGACAAGC-17",0,"TCAGGTACAGACAAGC-17","P20190404","P",3047.28857823003,2902,"Mono_CD16","LYM","Mono",-1.6664771,1.3326464,0,0
"TCCACACTCCTCTAGC-17",0,"TCCACACTCCTCTAGC-17","P20190404","P",3218.73623782994,3403,"Mono_CD16","LYM","Mono",-0.97658926,1.2199916,0,0
"TCGAGGCCACAGCGTC-17",0,"TCGAGGCCACAGCGTC-17","P20190404","P",2118.05188009995,1220,"Mono_CD16","LYM","Mono",0.16367926,-1.620674,0,0
"TCGCGAGCACATAACC-17",0,"TCGCGAGCACATAACC-17","P20190404","P",2612.22509519997,1721,"Mono_CD14","LYM","Mono",0.8432774,-0.7244026,0,0
"TCGCGTTAGTGAATTG-17",0,"TCGCGTTAGTGAATTG-17","P20190404","P",1400.41448499999,695,"cDC1_CLEC9A","LYM","cDC1",0.9234574,2.7703512,0,0
"TCGGTAAAGGCGTACA-17",0,"TCGGTAAAGGCGTACA-17","P20190404","P",3102.08564759995,2953,"Mono_CD16","LYM","Mono",-0.77404857,-1.2346095,0,0
"TCTGAGAAGCAAATCA-17",0,"TCTGAGAAGCAAATCA-17","P20190404","P",2933.5819612001,2843,"Mono_CD16","LYM","Mono",-1.8660151,0.33222046,0,0
"TCTGGAATCAGCAACT-17",0,"TCTGGAATCAGCAACT-17","P20190404","P",3286.30021490993,3363,"Mono_CD16","LYM","Mono",-1.0252846,-1.332633,0,0
"TCTGGAATCCGCTGTT-17",0,"TCTGGAATCCGCTGTT-17","P20190404","P",2256.73713129997,1206,"Mono_CD14","LYM","Mono",0.8311776,-0.002814799,0,0
"TCTTTCCAGAAGGCCT-17",0,"TCTTTCCAGAAGGCCT-17","P20190404","P",2908.80093900999,2433,"Mono_CD14","LYM","Mono",1.8208053,-1.04075,0,0
"TGACTTTGTGATGATA-17",0,"TGACTTTGTGATGATA-17","P20190404","P",2888.88077390003,2340,"Mono_CD14","LYM","Mono",1.1026903,0.95707226,0,0
"TGAGAGGGTAAGTGGC-17",0,"TGAGAGGGTAAGTGGC-17","P20190404","P",3082.48644867994,2951,"Mono_CD14","LYM","Mono",1.6148735,0.6218944,0,0
"TGAGCCGAGGTCGGAT-17",0.496128938293755,"TGAGCCGAGGTCGGAT-17","P20190404","P",2549.35390659997,1571,"Mono_CD14","LYM","Mono",0.6137271,0.47512174,1.2384018,0
"TGCTGCTAGAGCCCAA-17",0,"TGCTGCTAGAGCCCAA-17","P20190404","P",2738.19236550001,1849,"Mono_CD14","LYM","Mono",3.0766232,0.14656714,0,0
"TGGCGCAGTCGACTAT-17",0,"TGGCGCAGTCGACTAT-17","P20190404","P",3053.21762505998,3421,"Mono_CD14","LYM","Mono",0.44728497,1.2939763,0,0
"TGGCTGGTCAATCTCT-17",0,"TGGCTGGTCAATCTCT-17","P20190404","P",3235.50853683009,3363,"Mono_CD16","LYM","Mono",-1.0258638,0.7193214,0,0
"TGGGAAGAGTGGTAAT-17",0,"TGGGAAGAGTGGTAAT-17","P20190404","P",3016.98592632995,2963,"Mono_CD16","LYM","Mono",-2.0461204,-0.6279777,0,0
"TGTATTCCAGAGTGTG-17",0.230033190609099,"TGTATTCCAGAGTGTG-17","P20190404","P",3188.63468407994,3460,"Mono_CD16","LYM","Mono",-1.5574684,-1.4083388,0.51298165,0
"TGTGGTATCGGAATCT-17",0,"TGTGGTATCGGAATCT-17","P20190404","P",3144.57530688992,3242,"Mono_CD16","LYM","Mono",-2.3915565,0.43499005,0,0
"TGTTCCGCATCCCATC-17",0,"TGTTCCGCATCCCATC-17","P20190404","P",3394.97664076996,2632,"Mono_CD14","LYM","Mono",2.1909742,0.7126719,0,0
"TTAGGACGTCGACTAT-17",0,"TTAGGACGTCGACTAT-17","P20190404","P",2868.65605557999,2680,"Mono_CD16","LYM","Mono",-1.7439883,-0.50595266,0,0
"TTATGCTAGACCCACC-17",0,"TTATGCTAGACCCACC-17","P20190404","P",2958.93017715002,3109,"Mono_CD16","LYM","Mono",-2.1745522,1.0547888,0,0
"TTATGCTCATCCGTGG-17",0,"TTATGCTCATCCGTGG-17","P20190404","P",3060.42298867999,2908,"Mono_CD16","LYM","Mono",-2.508739,1.1920242,0,0
"TTCCCAGGTTCGCGAC-17",0,"TTCCCAGGTTCGCGAC-17","P20190404","P",2370.47409540006,1312,"Mono_CD14","LYM","Mono",1.4269581,-0.38445547,0,0
"TTCGGTCAGGGTGTGT-17",0,"TTCGGTCAGGGTGTGT-17","P20190404","P",2684.13025719997,1921,"Mono_CD16","LYM","Mono",-2.6119232,-1.59734,0,0
"TTCTTAGAGTCCCACG-17",0,"TTCTTAGAGTCCCACG-17","P20190404","P",3222.94592221998,4131,"Mono_CD14","LYM","Mono",1.692962,-0.2958515,0,0
"TTTACTGGTCCAAGTT-17",0,"TTTACTGGTCCAAGTT-17","P20190404","P",2326.5805355,1535,"Mono_CD14","LYM","Mono",1.7320522,-0.8164028,0,0
"AAACCTGTCATGCATG-18",0,"AAACCTGTCATGCATG-18","P20190404","T",2834.36874743003,2404,"Macro_ISG15","LYM","Macro",3.2652402,2.732245,0,0
"AACACGTAGATGTGGC-18",0,"AACACGTAGATGTGGC-18","P20190404","T",2584.79481938003,2166,"cDC1_CLEC9A","LYM","cDC1",0.9076355,4.4079375,0,0
"AACCGCGTCGTCCAGG-18",0,"AACCGCGTCGTCCAGG-18","P20190404","T",2427.43777139995,1690,"Macro_ISG15","LYM","Macro",5.9265795,1.6899598,0,0
"AACTCAGAGTCATGCT-18",0,"AACTCAGAGTCATGCT-18","P20190404","T",2710.01724624998,2416,"Macro_ISG15","LYM","Macro",3.5067606,2.8289225,0,0
"AAGCCGCCATGGTTGT-18",0,"AAGCCGCCATGGTTGT-18","P20190404","T",2953.36963186996,2213,"pDC_LILRA4","LYM","pDC",0.88773566,3.7236018,0,0
"AAGGAGCGTTGTGGAG-18",0,"AAGGAGCGTTGTGGAG-18","P20190404","T",2409.6246813,1564,"Macro_ISG15","LYM","Macro",2.409159,3.7954671,0,0
"ACACCAACAGCGTCCA-18",0,"ACACCAACAGCGTCCA-18","P20190404","T",2827.30210021998,2370,"Mono_CD14","LYM","Mono",3.546379,0.877389,0,0
"ACACCGGCAATGAAAC-18",0,"ACACCGGCAATGAAAC-18","P20190404","T",1896.87987169999,1002,"Macro_C1QC","LYM","Macro",4.253729,-0.34181136,0,0
"ACATCAGCAGCGAACA-18",0,"ACATCAGCAGCGAACA-18","P20190404","T",2678.01781840005,2042,"Macro_ISG15","LYM","Macro",6.3025126,2.4185023,0,0
"ACGGGCTTCGACGGAA-18",0,"ACGGGCTTCGACGGAA-18","P20190404","T",2672.5877279,2153,"Macro_ISG15","LYM","Macro",5.6279845,2.824196,0,0
"ACGGGTCGTCTAGTGT-18",0,"ACGGGTCGTCTAGTGT-18","P20190404","T",2466.76248770002,1420,"Mono_CD14","LYM","Mono",2.293266,1.7678108,0,0
"ACGTCAAAGCTAACAA-18",0,"ACGTCAAAGCTAACAA-18","P20190404","T",2134.93698580001,1105,"Mono_CD14","LYM","Mono",1.5096081,1.6529175,0,0
"ACGTCAACATTGGCGC-18",0,"ACGTCAACATTGGCGC-18","P20190404","T",2904.35776285997,2578,"cDC2_CD1C","LYM","cDC2",2.8269653,4.258429,0,0
"ACTGCTCAGATAGTCA-18",0,"ACTGCTCAGATAGTCA-18","P20190404","T",2710.26563110005,1751,"Macro_ISG15","LYM","Macro",6.876586,2.935561,0,0
"ACTGCTCTCTACGAGT-18",0,"ACTGCTCTCTACGAGT-18","P20190404","T",2973.54975236005,2424,"Mono_CD16","LYM","Mono",-0.37011668,-1.2611586,0,0
"ACTTACTAGGTAGCTG-18",0,"ACTTACTAGGTAGCTG-18","P20190404","T",3012.4371791,2926,"Macro_ISG15","LYM","Macro",5.3069334,0.7424931,0,0
"AGCCTAACATTGGTAC-18",0,"AGCCTAACATTGGTAC-18","P20190404","T",2556.95718501997,2040,"cDC2_CD1C","LYM","cDC2",2.6484632,4.9366107,0,0
"AGCTCCTCACAGAGGT-18",0,"AGCTCCTCACAGAGGT-18","P20190404","T",2341.8474188,1298,"Macro_ISG15","LYM","Macro",5.3342505,3.1752071,0,0
"AGCTTGAAGGAATGGA-18",0,"AGCTTGAAGGAATGGA-18","P20190404","T",2798.20070719995,2556,"Macro_ISG15","LYM","Macro",7.495752,3.7421384,0,0
"AGGGAGTTCTTGTACT-18",0,"AGGGAGTTCTTGTACT-18","P20190404","T",2592.8001671,1546,"Macro_ISG15","LYM","Macro",7.4498696,2.8294306,0,0
"AGGGTGATCATATCGG-18",0,"AGGGTGATCATATCGG-18","P20190404","T",2748.85430640005,1923,"pDC_LILRA4","LYM","pDC",0.6630361,4.534394,0,0
"AGGTCATGTCATATGC-18",0,"AGGTCATGTCATATGC-18","P20190404","T",2697.50641654004,2626,"cDC2_CD1C","LYM","cDC2",2.1079116,4.4625654,0,0
"AGGTCATGTGCTGTAT-18",0,"AGGTCATGTGCTGTAT-18","P20190404","T",2719.97772864997,2333,"Macro_ISG15","LYM","Macro",5.8863416,2.6244576,0,0
"AGTAGTCAGGTCATCT-18",0,"AGTAGTCAGGTCATCT-18","P20190404","T",3432.05632833015,4648,"pDC_LILRA4","LYM","pDC",1.1096102,4.2542377,0,0
"AGTGAGGTCTTAGCCC-18",0,"AGTGAGGTCTTAGCCC-18","P20190404","T",3609.83758384009,3754,"pDC_LILRA4","LYM","pDC",1.1651429,3.9479518,0,0
"AGTGGGATCCTTAATC-18",0,"AGTGGGATCCTTAATC-18","P20190404","T",2243.65503280002,1600,"Macro_ISG15","LYM","Macro",6.152427,3.3986325,0,0
"AGTGTCAGTAGCCTCG-18",0,"AGTGTCAGTAGCCTCG-18","P20190404","T",2383.4509381,1497,"Macro_ISG15","LYM","Macro",7.0531316,4.790111,0,0
"AGTTGGTCAGTAAGCG-18",0,"AGTTGGTCAGTAAGCG-18","P20190404","T",2706.97378139999,1889,"Macro_ISG15","LYM","Macro",6.3491316,3.84647,0,0
"ATAACGCCATGCCACG-18",0,"ATAACGCCATGCCACG-18","P20190404","T",2347.01405040004,1586,"Macro_ISG15","LYM","Macro",5.3818336,3.927654,0,0
"ATAACGCTCTTGTATC-18",0.309042123080843,"ATAACGCTCTTGTATC-18","P20190404","T",2426.20319009995,2043,"Macro_ISG15","LYM","Macro",7.1096644,4.2868466,0.71359128,0
"ATAGACCAGTCCATAC-18",0,"ATAGACCAGTCCATAC-18","P20190404","T",2767.64388325991,2468,"Macro_ISG15","LYM","Macro",7.0764117,2.347337,0,0
"ATAGACCCATTGGCGC-18",0.317695845026461,"ATAGACCCATTGGCGC-18","P20190404","T",2314.95933885999,1885,"Macro_ISG15","LYM","Macro",5.1043773,3.2286408,0.73632234,0
"ATCCACCCAAGCCTAT-18",0,"ATCCACCCAAGCCTAT-18","P20190404","T",3060.70005063995,2869,"cDC2_CD1C","LYM","cDC2",2.6852725,3.9868793,0,0
"ATCCACCTCAACGCTA-18",0,"ATCCACCTCAACGCTA-18","P20190404","T",2779.72309400006,2595,"Macro_ISG15","LYM","Macro",8.318162,2.8813648,0,0
"ATGCGATAGTTACGGG-18",0,"ATGCGATAGTTACGGG-18","P20190404","T",1821.9490819,954,"Macro_ISG15","LYM","Macro",7.1047406,4.431557,0,0
"CAAGAAAGTCGGCATC-18",0,"CAAGAAAGTCGGCATC-18","P20190404","T",2141.7279563,1053,"Mono_CD14","LYM","Mono",1.016392,0.337043,0,0
"CAAGATCCACGGCTAC-18",0,"CAAGATCCACGGCTAC-18","P20190404","T",2382.64471454003,1786,"Macro_ISG15","LYM","Macro",5.6252084,4.280595,0,0
"CACACAAAGCCGATTT-18",0.200563280298044,"CACACAAAGCCGATTT-18","P20190404","T",3196.11687148012,3587,"cDC2_CD1C","LYM","cDC2",3.0864813,4.1540165,0.44135219,0
"CACATTTGTGCCTGTG-18",0,"CACATTTGTGCCTGTG-18","P20190404","T",2350.03083229998,1208,"Mono_CD14","LYM","Mono",1.992468,1.0307208,0,0
"CACCTTGGTCGCGGTT-18",0,"CACCTTGGTCGCGGTT-18","P20190404","T",1595.98653655001,1111,"Macro_C1QC","LYM","Macro",4.686505,-0.5103545,0,0
"CAGAATCCACGAGGTA-18",0,"CAGAATCCACGAGGTA-18","P20190404","T",2654.12460988001,2062,"Macro_ISG15","LYM","Macro",8.232784,3.6968555,0,0
"CAGAGAGAGCCCAGCT-18",0,"CAGAGAGAGCCCAGCT-18","P20190404","T",3041.81967000994,3276,"Macro_ISG15","LYM","Macro",5.4203587,1.192557,0,0
"CAGCTAACAATGACCT-18",0,"CAGCTAACAATGACCT-18","P20190404","T",2738.6337928,1832,"Macro_ISG15","LYM","Macro",7.3853207,2.7469962,0,0
"CAGCTGGGTCTTGCGG-18",0,"CAGCTGGGTCTTGCGG-18","P20190404","T",2465.51937596996,2146,"cDC2_CD1C","LYM","cDC2",1.7093301,4.5984855,0,0
"CAGTCCTAGGTTCCTA-18",0.229156470918166,"CAGTCCTAGGTTCCTA-18","P20190404","T",3311.62800265011,4658,"cDC1_CLEC9A","LYM","cDC1",0.02870199,3.7224417,0.51082563,0
"CAGTCCTCACTTAAGC-18",0,"CAGTCCTCACTTAAGC-18","P20190404","T",3092.21512435008,3464,"cDC3_LAMP3","LYM","cDC2",2.11332,5.399082,0,0
"CATATGGAGCAATATG-18",0,"CATATGGAGCAATATG-18","P20190404","T",2588.22612002,2006,"Macro_ISG15","LYM","Macro",6.9603767,3.7785451,0,0
"CATCAAGAGTGTCCAT-18",0,"CATCAAGAGTGTCCAT-18","P20190404","T",2646.60346980001,1841,"Macro_ISG15","LYM","Macro",7.0028763,3.548498,0,0
"CATCAGACAAGAGGCT-18",0,"CATCAGACAAGAGGCT-18","P20190404","T",2632.67184745998,2224,"Macro_ISG15","LYM","Macro",7.1404433,3.0506797,0,0
"CATGACACAATTCCTT-18",0,"CATGACACAATTCCTT-18","P20190404","T",2421.63622089998,1633,"Macro_ISG15","LYM","Macro",7.7149005,3.0267386,0,0
"CATGCCTGTCGAGATG-18",0.359439060789412,"CATGCCTGTCGAGATG-18","P20190404","T",2846.40068845996,2207,"Macro_ISG15","LYM","Macro",6.579671,2.6618745,0.84807456,0
"CATTATCCACATTCGA-18",0,"CATTATCCACATTCGA-18","P20190404","T",3281.20512867005,3856,"Macro_ISG15","LYM","Macro",5.285073,0.86211425,0,0
"CCAATCCTCTTTAGTC-18",0,"CCAATCCTCTTTAGTC-18","P20190404","T",2850.46957202002,2556,"Macro_ISG15","LYM","Macro",5.892715,4.521853,0,0
"CCAGCGAAGCGTCTAT-18",0,"CCAGCGAAGCGTCTAT-18","P20190404","T",2697.95974902009,2413,"Macro_ISG15","LYM","Macro",6.4803157,4.5274343,0,0
"CCAGCGATCCGAAGAG-18",0,"CCAGCGATCCGAAGAG-18","P20190404","T",2807.78686997008,2491,"Macro_ISG15","LYM","Macro",6.8070345,1.3055328,0,0
"CCCAATCGTCAGATAA-18",0,"CCCAATCGTCAGATAA-18","P20190404","T",3206.0328603401,3941,"Macro_ISG15","LYM","Macro",4.9587765,0.84301805,0,0
"CCCAGTTTCAGTACGT-18",0,"CCCAGTTTCAGTACGT-18","P20190404","T",2742.37199240003,2515,"Macro_ISG15","LYM","Macro",7.1896205,1.3198458,0,0
"CCCATACCACAACGTT-18",0.143154070980811,"CCCATACCACAACGTT-18","P20190404","T",2844.83515886005,3970,"Macro_C1QC","LYM","Macro",4.530725,-0.812751,0.30680123,0
"CCTATTAGTTAAGTAG-18",0,"CCTATTAGTTAAGTAG-18","P20190404","T",2229.47658040001,1508,"Macro_ISG15","LYM","Macro",6.9743724,4.201442,0,0
"CCTCTGATCAGTACGT-18",0,"CCTCTGATCAGTACGT-18","P20190404","T",2533.8219395,1678,"Macro_ISG15","LYM","Macro",5.961111,3.9764974,0,0
"CGAATGTAGTGGACGT-18",0,"CGAATGTAGTGGACGT-18","P20190404","T",2661.65393519995,2212,"Macro_ISG15","LYM","Macro",7.3387947,2.4401155,0,0
"CGAGCACTCTAACTTC-18",0.314577141137027,"CGAGCACTCTAACTTC-18","P20190404","T",3012.71050125995,2649,"Mono_CD14","LYM","Mono",2.7571254,0.883841,0.72811306,0
"CGATCGGAGAAGCCCA-18",0,"CGATCGGAGAAGCCCA-18","P20190404","T",2908.28689160003,2516,"Macro_ISG15","LYM","Macro",4.862449,1.8165021,0,0
"CGATCGGTCTGTCCGT-18",0,"CGATCGGTCTGTCCGT-18","P20190404","T",2947.79819887007,2886,"Macro_ISG15","LYM","Macro",5.8233147,1.353385,0,0
"CGATGTAGTCTGCAAT-18",0,"CGATGTAGTCTGCAAT-18","P20190404","T",2963.05684714007,2502,"Mono_CD16","LYM","Mono",-1.3637305,0.23236218,0,0
"CGCGGTAAGAGCTTCT-18",0,"CGCGGTAAGAGCTTCT-18","P20190404","T",2884.75210465005,2285,"pDC_LILRA4","LYM","pDC",0.45285788,4.9467587,0,0
"CGCTATCAGGATCGCA-18",0,"CGCTATCAGGATCGCA-18","P20190404","T",2824.71760992001,2804,"Macro_ISG15","LYM","Macro",4.632565,2.9433591,0,0
"CGGACTGAGTTATCGC-18",0,"CGGACTGAGTTATCGC-18","P20190404","T",2570.87017389998,1381,"pDC_LILRA4","LYM","pDC",1.1701993,3.7579741,0,0
"CGGAGCTTCTTGACGA-18",0,"CGGAGCTTCTTGACGA-18","P20190404","T",3130.62442602993,3480,"Macro_ISG15","LYM","Macro",5.259603,1.4061779,0,0
"CGGCTAGCAATCACAC-18",0,"CGGCTAGCAATCACAC-18","P20190404","T",2885.77756273999,2718,"Macro_ISG15","LYM","Macro",7.452376,1.9685272,0,0
"CGTAGCGGTGGCCCTA-18",0.245870876134441,"CGTAGCGGTGGCCCTA-18","P20190404","T",2798.82520570006,2730,"cDC3_LAMP3","LYM","cDC2",2.529294,5.1136303,0.55219424,0
"CGTAGGCTCAACGGCC-18",0,"CGTAGGCTCAACGGCC-18","P20190404","T",2772.09254706006,2406,"Macro_ISG15","LYM","Macro",5.587126,2.8176522,0,0
"CGTGAGCAGAGTGACC-18",0,"CGTGAGCAGAGTGACC-18","P20190404","T",2253.72231730002,1480,"Macro_ISG15","LYM","Macro",4.6183434,4.5028663,0,0
"CTAACTTAGCGGCTTC-18",0,"CTAACTTAGCGGCTTC-18","P20190404","T",2901.48573727996,2890,"Macro_ISG15","LYM","Macro",7.6483693,2.4562113,0,0
"CTAGAGTAGTTAACGA-18",0.356630911486245,"CTAGAGTAGTTAACGA-18","P20190404","T",2705.98182838002,2094,"Macro_ISG15","LYM","Macro",7.0078516,2.8191695,0.84044743,0
"CTCACACAGTGGTCCC-18",0,"CTCACACAGTGGTCCC-18","P20190404","T",2900.19967520999,3064,"cDC1_CLEC9A","LYM","cDC1",-0.040421452,3.6627793,0,0
"CTCAGAAAGTGGGCTA-18",0,"CTCAGAAAGTGGGCTA-18","P20190404","T",2853.68145090005,2436,"Macro_ISG15","LYM","Macro",4.32311,3.0682342,0,0
"CTCCTAGGTCGCTTCT-18",0,"CTCCTAGGTCGCTTCT-18","P20190404","T",2867.71910573005,2345,"cDC3_LAMP3","LYM","cDC2",1.9946957,5.28634,0,0
"CTCGAAAAGTAGATGT-18",0,"CTCGAAAAGTAGATGT-18","P20190404","T",3145.30644862012,3390,"Macro_ISG15","LYM","Macro",6.2257886,1.2189425,0,0
"CTGAAACCAGTATCTG-18",0,"CTGAAACCAGTATCTG-18","P20190404","T",2782.43789855994,2338,"Mono_CD14","LYM","Mono",3.0860913,1.1615057,0,0
"CTGATCCAGTCAATAG-18",0,"CTGATCCAGTCAATAG-18","P20190404","T",2824.26338015005,2307,"Mono_CD14","LYM","Mono",1.5928615,-1.0421882,0,0
"CTGCGGAGTCAACTGT-18",0,"CTGCGGAGTCAACTGT-18","P20190404","T",2650.62992403001,2132,"cDC2_CD1C","LYM","cDC2",2.1790662,4.9026136,0,0
"CTGGTCTAGTGCAAGC-18",0,"CTGGTCTAGTGCAAGC-18","P20190404","T",3102.9383165199,3302,"Macro_ISG15","LYM","Macro",5.5988436,1.5012057,0,0
"CTTAACTTCTCGGACG-18",0,"CTTAACTTCTCGGACG-18","P20190404","T",2777.94071587997,2417,"Macro_ISG15","LYM","Macro",6.4967365,3.4405138,0,0
"CTTACCGGTCCTAGCG-18",0,"CTTACCGGTCCTAGCG-18","P20190404","T",1983.73595450003,1243,"Macro_C1QC","LYM","Macro",4.36072,-0.60772574,0,0
"CTTACCGGTCTGCAAT-18",0,"CTTACCGGTCTGCAAT-18","P20190404","T",2508.40995379998,1738,"Macro_ISG15","LYM","Macro",6.865773,2.7197654,0,0
"CTTCTCTGTGATAAAC-18",0,"CTTCTCTGTGATAAAC-18","P20190404","T",3297.15053815995,3381,"cDC2_CD1C","LYM","cDC2",2.944408,4.4410906,0,0
"GACCTGGTCACAAACC-18",0,"GACCTGGTCACAAACC-18","P20190404","T",2793.04272701996,2270,"Macro_ISG15","LYM","Macro",6.171846,2.8975465,0,0
"GACGCGTAGACTAGAT-18",0,"GACGCGTAGACTAGAT-18","P20190404","T",2473.39666110001,1618,"Macro_C1QC","LYM","Macro",4.3755217,-0.121930785,0,0
"GACGCGTAGATGTCGG-18",0,"GACGCGTAGATGTCGG-18","P20190404","T",2613.79061169999,1762,"Macro_ISG15","LYM","Macro",6.5118613,4.5957413,0,0
"GACGCGTGTAAGGGAA-18",0,"GACGCGTGTAAGGGAA-18","P20190404","T",3013.42100734012,3226,"Macro_C1QC","LYM","Macro",4.3741226,1.0745276,0,0
"GACGGCTGTAAATACG-18",0,"GACGGCTGTAAATACG-18","P20190404","T",2871.18190565005,2303,"Mono_CD14","LYM","Mono",1.1896824,-0.50357884,0,0
"GACGTTACAAAGGCGT-18",0,"GACGTTACAAAGGCGT-18","P20190404","T",2806.67076307001,2892,"Macro_C1QC","LYM","Macro",3.8274264,0.41107845,0,0
"GACTGCGTCACCACCT-18",0,"GACTGCGTCACCACCT-18","P20190404","T",2618.59852429003,1837,"Macro_ISG15","LYM","Macro",6.663276,2.2327957,0,0
"GATCTAGAGTAGCGGT-18",0,"GATCTAGAGTAGCGGT-18","P20190404","T",2723.80383839997,2304,"Macro_ISG15","LYM","Macro",3.973428,3.024754,0,0
"GATGAAATCACCCTCA-18",0,"GATGAAATCACCCTCA-18","P20190404","T",2726.43028086997,2624,"Macro_ISG15","LYM","Macro",5.2992353,3.4169428,0,0
"GATGAAATCCCGGATG-18",0,"GATGAAATCCCGGATG-18","P20190404","T",2882.60818771008,2421,"Macro_ISG15","LYM","Macro",7.7205806,2.2787452,0,0
"GATTCAGGTAACGCGA-18",0,"GATTCAGGTAACGCGA-18","P20190404","T",2699.49469800006,2526,"Macro_ISG15","LYM","Macro",5.738344,3.120745,0,0
"GATTCAGTCATCGATG-18",0,"GATTCAGTCATCGATG-18","P20190404","T",2873.56776067009,2552,"Macro_ISG15","LYM","Macro",8.199138,2.6562207,0,0
"GCATGCGCAGGACCCT-18",0,"GCATGCGCAGGACCCT-18","P20190404","T",2471.31675860001,1438,"Mono_CD14","LYM","Mono",1.0288363,0.3136497,0,0
"GCATGTACACCATCCT-18",0,"GCATGTACACCATCCT-18","P20190404","T",2781.14754294003,3106,"Macro_ISG15","LYM","Macro",5.210058,1.1466553,0,0
"GCCAAATAGCCGGTAA-18",0,"GCCAAATAGCCGGTAA-18","P20190404","T",2676.39003895999,2226,"Macro_ISG15","LYM","Macro",8.397169,3.2263727,0,0
"GCCAAATGTTGTCTTT-18",0,"GCCAAATGTTGTCTTT-18","P20190404","T",2762.92669491995,2044,"Macro_ISG15","LYM","Macro",7.9687147,3.864337,0,0
"GCGAGAATCCATGAAC-18",0,"GCGAGAATCCATGAAC-18","P20190404","T",3011.19745237009,3398,"Macro_ISG15","LYM","Macro",6.771993,1.1682727,0,0
"GCGCGATTCCCTGACT-18",0,"GCGCGATTCCCTGACT-18","P20190404","T",2503.18565167004,2067,"cDC2_CD1C","LYM","cDC2",1.8376184,4.8911834,0,0
"GCGGGTTTCACCTCGT-18",0,"GCGGGTTTCACCTCGT-18","P20190404","T",3242.61741682994,3636,"Macro_C1QC","LYM","Macro",4.56809,0.42454883,0,0
"GGACAAGAGCCAGTAG-18",0,"GGACAAGAGCCAGTAG-18","P20190404","T",2596.93897015003,2047,"Macro_ISG15","LYM","Macro",7.120464,2.1842163,0,0
"GGACGTCCAAATTGCC-18",0,"GGACGTCCAAATTGCC-18","P20190404","T",2379.10664850001,1558,"Macro_ISG15","LYM","Macro",7.410001,4.5473275,0,0
"GGCAATTAGGACACCA-18",0,"GGCAATTAGGACACCA-18","P20190404","T",2803.33245719999,2123,"Macro_ISG15","LYM","Macro",6.6785436,2.2965121,0,0
"GGCGACTAGGTGCAAC-18",0,"GGCGACTAGGTGCAAC-18","P20190404","T",2817.74642817997,2125,"Macro_ISG15","LYM","Macro",8.24944,2.873514,0,0
"GGGATGACATCCCACT-18",0,"GGGATGACATCCCACT-18","P20190404","T",2287.84489049997,1251,"Macro_ISG15","LYM","Macro",7.4342823,1.920628,0,0
"GGGTTGCAGAAGGTGA-18",0,"GGGTTGCAGAAGGTGA-18","P20190404","T",2738.24740988999,2350,"Macro_ISG15","LYM","Macro",7.124818,2.0803206,0,0
"GTAACGTCATGACGGA-18",0,"GTAACGTCATGACGGA-18","P20190404","T",2456.17176670002,1599,"Macro_C1QC","LYM","Macro",4.343025,-0.04815134,0,0
"GTAACGTGTCTCAACA-18",0,"GTAACGTGTCTCAACA-18","P20190404","T",2215.49518170004,1313,"Macro_ISG15","LYM","Macro",6.6102777,4.279764,0,0
"GTAACGTTCGACCAGC-18",0,"GTAACGTTCGACCAGC-18","P20190404","T",2408.56546519998,1347,"Mono_CD14","LYM","Mono",3.3290381,1.3989674,0,0
"GTACGTACATAGGATA-18",0,"GTACGTACATAGGATA-18","P20190404","T",2797.38748399002,2267,"Macro_ISG15","LYM","Macro",7.898717,3.4588296,0,0
"GTACGTACATTCGACA-18",0.433673777398471,"GTACGTACATTCGACA-18","P20190404","T",2689.91552769999,1862,"Mono_CD14","LYM","Mono",2.456412,0.24828766,1.0554205,0
"GTAGGCCAGTTAACGA-18",0,"GTAGGCCAGTTAACGA-18","P20190404","T",2922.43024044988,2695,"Mono_CD14","LYM","Mono",2.7845511,0.3636283,0,0
"GTAGGCCTCTCCTATA-18",0,"GTAGGCCTCTCCTATA-18","P20190404","T",2786.73543149991,2246,"pDC_LILRA4","LYM","pDC",1.258315,4.9863806,0,0
"GTAGTCACACATGTGT-18",0,"GTAGTCACACATGTGT-18","P20190404","T",2150.66148690004,1138,"Macro_ISG15","LYM","Macro",6.2120748,4.5310698,0,0
"GTCATTTCAAGCGAGT-18",0,"GTCATTTCAAGCGAGT-18","P20190404","T",1943.10780409998,919,"Macro_C1QC","LYM","Macro",4.8755584,-0.44650865,0,0
"GTGTGCGCAAATCCGT-18",0,"GTGTGCGCAAATCCGT-18","P20190404","T",2733.69204620003,2417,"Macro_ISG15","LYM","Macro",7.737417,3.3979664,0,0
"GTGTGCGCAGGAATCG-18",0,"GTGTGCGCAGGAATCG-18","P20190404","T",2794.47349627994,2569,"Macro_ISG15","LYM","Macro",5.802706,5.204664,0,0
"GTGTGCGTCCGCAAGC-18",0,"GTGTGCGTCCGCAAGC-18","P20190404","T",2405.08736362,1830,"Macro_ISG15","LYM","Macro",7.4269595,4.3600044,0,0
"GTTACAGCAGCGTCCA-18",0.209346058826835,"GTTACAGCAGCGTCCA-18","P20190404","T",2964.01165055013,3420,"Macro_C1QC","LYM","Macro",3.9025824,-0.2986443,0.46251789,0
"GTTCATTTCGCGTAGC-18",0,"GTTCATTTCGCGTAGC-18","P20190404","T",2893.85201842995,2595,"cDC2_CD1C","LYM","cDC2",2.5578775,4.2834563,0,0
"TAAGAGAAGAAGGACA-18",0,"TAAGAGAAGAAGGACA-18","P20190404","T",3166.71101926,3813,"Macro_C1QC","LYM","Macro",4.680207,0.5187335,0,0
"TAAGAGAAGCCAACAG-18",0,"TAAGAGAAGCCAACAG-18","P20190404","T",2394.71376090003,1384,"Mono_CD14","LYM","Mono",2.6014702,0.40213782,0,0
"TACTCATAGCAGGTCA-18",0,"TACTCATAGCAGGTCA-18","P20190404","T",3129.45221959986,2667,"Mono_CD14","LYM","Mono",0.47181025,0.7668729,0,0
"TACTCATTCAAAGACA-18",0,"TACTCATTCAAAGACA-18","P20190404","T",3073.53827872992,4457,"Macro_C1QC","LYM","Macro",4.4780426,-0.76598626,0,0
"TAGACCAAGAATCTCC-18",0,"TAGACCAAGAATCTCC-18","P20190404","T",2598.82767541999,2038,"Macro_ISG15","LYM","Macro",6.8604836,2.0055952,0,0
"TAGAGCTTCTTTAGTC-18",0,"TAGAGCTTCTTTAGTC-18","P20190404","T",2591.50963779999,1817,"Macro_ISG15","LYM","Macro",6.6875076,2.88904,0,0
"TAGTGGTGTGTTCTTT-18",0,"TAGTGGTGTGTTCTTT-18","P20190404","T",2308.59276109995,1331,"Macro_ISG15","LYM","Macro",5.9435596,2.8771286,0,0
"TATTACCTCCTTGACC-18",0,"TATTACCTCCTTGACC-18","P20190404","T",2494.54541042999,1847,"Macro_ISG15","LYM","Macro",6.146689,3.583206,0,0
"TCAACGATCGAATCCA-18",0,"TCAACGATCGAATCCA-18","P20190404","T",2788.90231815001,2258,"Mono_CD14","LYM","Mono",3.1825914,0.8002834,0,0
"TCCACACGTTCAGTAC-18",0.259425746124002,"TCCACACGTTCAGTAC-18","P20190404","T",3120.43013507991,3113,"Macro_ISG15","LYM","Macro",4.438329,0.9472751,0.58615321,0
"TCCCGATTCACCGTAA-18",0,"TCCCGATTCACCGTAA-18","P20190404","T",2622.41315659001,1906,"Macro_ISG15","LYM","Macro",6.380434,2.3415604,0,0
"TCGAGGCTCTGATTCT-18",0,"TCGAGGCTCTGATTCT-18","P20190404","T",2582.22221176001,2154,"cDC2_CD1C","LYM","cDC2",1.9298185,4.940841,0,0
"TCGCGAGTCGAACGGA-18",0,"TCGCGAGTCGAACGGA-18","P20190404","T",2649.36707339995,2023,"Macro_ISG15","LYM","Macro",6.7131157,3.001561,0,0
"TCGGTAAGTGCGAAAC-18",0,"TCGGTAAGTGCGAAAC-18","P20190404","T",2450.85467790002,1432,"Mono_CD14","LYM","Mono",2.1699212,2.4403675,0,0
"TCTCATACAATCTGCA-18",0,"TCTCATACAATCTGCA-18","P20190404","T",2437.1987078,1674,"Macro_ISG15","LYM","Macro",5.058407,2.951841,0,0
"TCTGAGACAATAAGCA-18",0,"TCTGAGACAATAAGCA-18","P20190404","T",2271.93827470003,1236,"Macro_ISG15","LYM","Macro",4.9191284,2.5705545,0,0
"TCTGGAAAGCTAGTTC-18",0,"TCTGGAAAGCTAGTTC-18","P20190404","T",2286.83433589999,1394,"Macro_ISG15","LYM","Macro",6.1856503,3.411073,0,0
"TCTTCGGCAGTAACGG-18",0,"TCTTCGGCAGTAACGG-18","P20190404","T",2156.44373079999,1078,"Macro_C1QC","LYM","Macro",4.3778276,0.7392509,0,0
"TCTTTCCAGCTGCAAG-18",0,"TCTTTCCAGCTGCAAG-18","P20190404","T",1875.03080270002,975,"Macro_ISG15","LYM","Macro",4.663862,5.177462,0,0
"TGACAACTCCTAGTGA-18",0,"TGACAACTCCTAGTGA-18","P20190404","T",2922.57424292001,2575,"Macro_ISG15","LYM","Macro",7.635591,2.9851847,0,0
"TGACAACTCCTTGCCA-18",0,"TGACAACTCCTTGCCA-18","P20190404","T",1919.24032139998,911,"Mono_CD14","LYM","Mono",0.40067884,0.348098,0,0
"TGACAACTCTGTTGAG-18",0,"TGACAACTCTGTTGAG-18","P20190404","T",2858.62948733994,2455,"Macro_ISG15","LYM","Macro",7.8080177,2.1545467,0,0
"TGACGGCTCTCAAACG-18",0,"TGACGGCTCTCAAACG-18","P20190404","T",2994.20117398003,3228,"Macro_ISG15","LYM","Macro",5.692758,1.6120257,0,0
"TGATTTCAGCGATGAC-18",0,"TGATTTCAGCGATGAC-18","P20190404","T",2917.31359236007,2588,"Macro_ISG15","LYM","Macro",4.9195504,2.99357,0,0
"TGATTTCCAAGGTTCT-18",0,"TGATTTCCAAGGTTCT-18","P20190404","T",2810.59833369995,2452,"Macro_ISG15","LYM","Macro",5.482285,3.362884,0,0
"TGCCCATCATCTCGCT-18",0,"TGCCCATCATCTCGCT-18","P20190404","T",2506.77997373,1941,"Macro_ISG15","LYM","Macro",4.7143493,2.592502,0,0
"TGCCCTAAGGTCGGAT-18",0,"TGCCCTAAGGTCGGAT-18","P20190404","T",2022.79032209997,962,"Mono_CD14","LYM","Mono",0.56279236,1.7552578,0,0
"TGTGTTTTCGTACCGG-18",0,"TGTGTTTTCGTACCGG-18","P20190404","T",2761.25751781995,2278,"Macro_ISG15","LYM","Macro",3.773395,2.890513,0,0
"TTAACTCAGCTAGTGG-18",0,"TTAACTCAGCTAGTGG-18","P20190404","T",2451.78170902,1705,"Macro_ISG15","LYM","Macro",7.0482306,3.2452874,0,0
"TTAGGACAGTGATCGG-18",0,"TTAGGACAGTGATCGG-18","P20190404","T",2159.14657709999,1296,"Macro_ISG15","LYM","Macro",6.1973963,1.8476233,0,0
"TTAGGCACAGATGGGT-18",0,"TTAGGCACAGATGGGT-18","P20190404","T",3057.82243829992,2964,"Mono_CD14","LYM","Mono",1.636033,-0.7763876,0,0
"TTCCCAGCATAGGATA-18",0,"TTCCCAGCATAGGATA-18","P20190404","T",2712.30457571,2296,"Macro_ISG15","LYM","Macro",7.933532,2.196667,0,0
"TTCGAAGAGAATTCCC-18",0,"TTCGAAGAGAATTCCC-18","P20190404","T",2641.57909291996,1958,"Macro_ISG15","LYM","Macro",6.337836,2.0197012,0,0
"TTCTCAATCACTATTC-18",0,"TTCTCAATCACTATTC-18","P20190404","T",2905.16305683998,2513,"Macro_ISG15","LYM","Macro",8.08478,3.2049937,0,0
"TTCTTAGAGAGGTTGC-18",0,"TTCTTAGAGAGGTTGC-18","P20190404","T",2927.10261314004,2857,"cDC3_LAMP3","LYM","cDC2",2.2692697,5.355787,0,0
"TTCTTAGGTTACTGAC-18",0,"TTCTTAGGTTACTGAC-18","P20190404","T",2667.62905550004,2292,"Macro_ISG15","LYM","Macro",5.427152,2.2262614,0,0
"TTGACTTCAGCCAATT-18",0,"TTGACTTCAGCCAATT-18","P20190404","T",2811.90084129999,2157,"Mono_CD16","LYM","Mono",-1.907692,0.2483302,0,0
"TTTACTGCAGACACTT-18",0.162758358387503,"TTTACTGCAGACACTT-18","P20190404","T",2972.41834817988,4005,"Macro_C1QC","LYM","Macro",4.860903,-0.6103961,0.352007,0
